,epi.aa,epi.aa.dist.min
0,FMLLTQARI,1
1,VITAFNGELK,3
2,YVLTWIVGA,1
3,MLLKHDVSL,4
4,CINGVCWTV,3
5,ILKISNKYHTKGDH,9
6,LLIDLTSFLL,5
7,YLLFMIGYT,1
8,YLVALGINAV,1
9,TMAAISNTV,1
10,QLQPFPQPELPY,3
11,YVLDHLIVV,5
12,YEPSLMTMCQDSSQNDERSKSLLLS,18
13,FLFMYLVTV,3
14,KCNTATCATQRLANFLVRSS,7
15,KQHVCGGSILDPYWVLTAAHCFRKH,16
16,ADTLQSIGATTVASN,9
17,PTPSAPCPATPAVPKGRVFVSPLAK,15
18,VISAEKAYHEQLTVAEITNACFEPA,16
19,KRGIVEQCCTSISSL,2
20,SLFNTVATLY,1
21,RISNCVADYSVLYNS,8
22,NNSYECDIPIGAGIC,10
23,KTFPPTEPK,6
24,DATYQRTRALVR,7
25,YLLEMLWRL,4
26,ESITGSLGPLL,6
27,RYGSFSVTL,5
28,PSDKHIKEYLNKIQN,8
29,YLNKIQNSLSTEWSP,8
30,CPSQEPMSIYVY,8
31,YSEHPTFTSQY,7
32,ANYKFTLV,4
33,ATGFKQSSKALQRPVAS,10
34,PQPELPYPQPQL,2
35,TLWCSPIKV,4
36,PPQIAANRSQLISLV,4
37,LTDEQRAAALEKAAA,9
38,VYFLQSINF,2
39,FAMQMAYRF,6
40,RARSVASQSI,5
41,RYSIFFDYM,6
42,AIKLDDKDP,2
43,KAYDVTQAF,5
44,HGAIKLDDK,2
45,NPANNVAIV,2
46,TMADLVYAL,1
47,NMLRIMASL,4
48,FITESKPSV,5
49,ALNLGETFV,4
50,VLLSVLQQL,3
51,VPMEKFKTL,5
52,LMCQPILLL,4
53,IPVAYRKVL,1
54,VVDKYFDCY,6
55,NSSTCMMCY,1
56,YLFDESGEF,5
57,RLSFKELLV,2
58,TLGVLVPHV,4
59,KMFDAYVNT,2
60,SPNLAWPLI,6
61,YVFHLYLQY,4
62,VAFNTLLFL,5
63,CLTPVYSFL,5
64,KLQFTSLEI,5
65,QVVSDIDYV,4
66,FSVVGNICY,2
67,TFTYASALW,4
68,TVYSHLLLV,4
69,FVTVYSHLL,4
70,KVSIWNLDY,5
71,SPIFRIVAA,5
72,RLCAYCCNI,5
73,IVNSVLLFL,4
74,LPKEITVAT,5
75,LACFVLAAV,2
76,SMWSFNPET,6
77,FLHVTYVPA,4
78,GLTVLPPLL,3
79,KQLSSNFGA,5
80,SWMESEFRV,2
81,WPWYIWLGF,6
82,FIAGLIAIV,5
83,KWPWYIWLG,5
84,VFLVLWPLV,1
85,WTAGAAAYY,2
86,TSNEVAVLY,5
87,YNYIASFFIETGFCDSGILS,13
88,DFHFEVFNFVPCSI,8
89,GVYALIAGA,3
90,LLIRWQHFL,5
91,GELIGILNAAKVPAD,1
92,EEYLQAFTY,3
93,RYPLTLGWCF,1
94,KRWIILGLNK,1
95,ADGLAYFRSSFKGG,8
96,APFSEQEQPVLG,7
97,RLPAKAPLLGCG,3
98,GMDYHNGHL,3
99,NMMWFQGQL,3
100,LLEDLDWDV,3
101,SLFFSAQPFEITAST,9
102,VVRHCPHHERCSDSD,10
103,RNTFRHSVVVPCE,8
104,SSCMGGMNWR,6
105,SCMGGMNWRPILTII,9
106,NSKEETGHLENGN,8
107,APARLERRHSA,7
108,WLIRETQPITK,6
109,DPPALASTNAEVT,7
110,GYNSYSVSNSEKHIM,9
111,KALARALKEGRIR,8
112,FGDVGSTLF,5
113,NHVVDISKSGLITIA,8
114,KAVYNFATC,1
115,ALVYFLQSI,4
116,SGWGDPHYITFDGTYYTFLD,14
117,GNSHRGAIEWEGIESG,3
118,RHDLPPYRVYL,6
119,ALAVLHFYPDKGAKN,9
120,WLLPAWGV,1
121,AIALNLPKRI,2
122,WIHWNIPKRI,2
123,MINLNLPKYI,4
124,IHSLLDEGKQSLTKL,8
125,AAVVRFQEAANKQK,1
126,ILAKFAHWL,1
127,DIYKGVYQFKSV,6
128,KVPRNQDWL,2
129,DPIVRGLLARAA,3
130,VLARLHFYRNDVHKE,9
131,ATDTTSGTYKYIFGTGTRLKVLA,12
132,ADLIAYPKAATKF,1
133,QQWNFAGIEAAASA,8
134,PITAKAIAASVG,7
135,LVVKNPAAHHAIS,8
136,ISQAVHAAHAEINEAGR,3
137,SHLVEALYLVCGERG,1
138,WSRMDQLAKELTAE,7
139,EKAHRPIWARMDAKK,9
140,KCVLEVISDSL,2
141,PVNTFVHESLADVQA,9
142,GSANAGFNSNRANSS,6
143,PLLCVGLRPQWE,7
144,TETRSSFSRVSGS,7
145,RRVTETRSSFSRVSGSPSSGF,13
146,ENPVVRFFKNIVTPR,1
147,ENPVVNFFKNIVTPR,1
148,ANPVVHFFKNIVTPR,1
149,ELAGIAILTV,1
150,FEAFMARAKAAVD,4
151,WIYVYRPM,5
152,SWISDIRAGTAPLCRNHIKSSCSLI,17
153,EAEDLQVGQVELGG,3
154,LYRALYLVAGER,3
155,HTGREIVDLMCHAT,9
156,GVYATRSSAVRLR,7
157,LNKNIHFFKNLPLP,6
158,AAQNVHFWKALNQL,6
159,MNASIHFLKALETY,8
160,FGVKIHFFKQRNSL,8
161,HMLSFHFWKSRGQT,9
162,DVSKVHFFKGNGQT,8
163,HRAKLHFFKDENLK,7
164,HENVVHFFKDGELV,7
165,RLSVVHFLRANAVS,6
166,SVSVIHFFKAPAAI,7
167,SSARLHFFRALPHP,7
168,IIPAFHFLKSEKGL,8
169,SANNIHFMRQSEIG,8
170,NPQVIHFFKSLDLL,5
171,VFGNVHFFKNTGSA,7
172,ARSVFHFFRGTALL,7
173,NANVLHFLKNIICQ,8
174,FLKKFHFLKGATLC,8
175,IEAAIHFYKGLAVY,8
176,MEVGWYRSAFSRVVHL,2
177,MEVGWARSPFSRVVHL,2
178,AIMDKNIIL,2
179,FMLYLVTLM,1
180,LMASISSFL,3
181,AMERNAGSGIIISDT,2
182,RGYGGRASDYKSAH,7
183,NDPGFGAPAASQVA,8
184,SAFQYLQSTPARSPA,9
185,KLGIGFAKA,4
186,FLKGIGWIPI,4
187,HYNYMCNSSCMGSMNRRPILTIITL,1
188,PAIRVPPVIPLGSRELFCSKLRRAA,15
189,VVLLVATEGRVRVNSAYQDK,5
190,GLARVIKNDSNYVVK,8
191,MNDARHGGWTTKMDW,7
192,QPLALEGSLQKR,1
193,SHLVEALYLV,2
194,HLVEALYLVCG,2
195,LNEDLTCGNILMWEA,9
196,VASITEVECFLTPEM,1
197,PALVAANRSGLISLV,2
198,PAAVAANRDAFVQLV,3
199,PLLVAANRHQLVSLV,3
200,PVVAANRIQLLALIA,6
201,PMLVAANRADLVSLV,2
202,NMINFAPNI,2
203,KVKEVCPNV,4
204,NSLKPEIPDYF,4
205,RTYVPEIKHRW,6
206,SGPDNGAVAVL,1
207,ESEERPPTPY,7
208,FLTLRHKRPKAKYIIWPRID,14
209,LPLKMLNI,5
210,AQTFAATHNPWASQA,7
211,ATFTSYRSWYLA,7
212,PGAGSLQPLALEGSLQ,3
213,EALYLVCGERGFFYT,2
214,AEDLQVGQVELGGGP,5
215,KVCEFQFCNDPFLGVYYHK,9
216,NPGSDNTVKR,5
217,CTSICSLY,3
218,KYTSFPWL,5
219,LWFHISCLTF,6
220,RFNLIANQHLLAPGF,9
221,ALWMRLLPL,2
222,VEQCCTSI,1
223,CQARVTYKI,4
224,EESNLSFLKELLVRINRLDLLITYL,16
225,RLQSLQIYV,1
226,TMMDLCFAL,2
227,TMMDLVYAM,1
228,SPKANKEILDEAYVMAYVMAGVGSPYVSRLLG,20
229,LLTDEMIAQYTSALLAGTI,10
230,RKHFSMMILS,7
231,QSAPHGVVFL,3
232,DQVILLNKHIDAY,4
233,GLDNHTILL,4
234,FIKQYGDCLGD,7
235,RGHLRIAGHHLGRCDIK,3
236,SGTWLTYTGAIKLDDKDPNFK,12
237,KKFLPFQQFGR,4
238,YYRRATRRIRGGDGKMK,8
239,ASFSTFKCYGVSPTKLNDLCFT,14
240,ACDTATCVTHRLAGLLERSG,2
241,IVCPICSQK,6
242,GQVMVVAPR,3
243,VEALYLVCSVDQDLG,4
244,GNHAAGILTLGKRRS,7
245,RSALILRGSVAHKSC,9
246,VQVMLNNPK,3
247,GRQPVPLWR,6
248,ERSSYWARRR,7
249,ADSLSFFSSSIK,7
250,LVEELYLVAGEEGC,1
251,MVVQSELPYPE,3
252,GATGLAWEWWRTVYE,9
253,GTRVIRDMTLHSAPS,8
254,LHCQERANELMRAMK,10
255,AGILARNLVPM,6
256,ARHIHEGASL,6
257,FLVWDHNPIG,6
258,FQVIQPERV,6
259,IWDYVNKELA,6
260,QHMTEVVRHCPHHER,6
261,LYKKHTETF,5
262,VVPCEPPEV,5
263,LQVELGGGPGAGSLQ,3
264,NLWPVTHGL,5
265,FAFGEPREL,3
266,LPEEKQPL,4
267,RRWDEKAVDKSK,8
268,RVLGLVLLRGENLVS,8
269,TYDTVHRHL,5
270,KLNSGIAYV,3
271,TLLFEVFTI,4
272,FMYGPLVVV,4
273,FLYDNKLQTI,5
274,AAAAAGVSFTK,6
275,VPRGFPFHSL,5
276,RVFVVGSGK,4
277,LQSLQTYVTQQLIRA,8
278,LVKNKCVNFNF,7
279,MIAQYTSALLA,2
280,NASVVNIQKEIDRLN,8
281,RFQTLLALHRS,6
282,SFSTFKCYGVS,7
283,FIEDLLFNKVT,6
284,IFGTTLDSKTQ,6
285,LLQYGSFCTQL,4
286,TAGFEPVVIENVLEGDELRT,12
287,VFAQVKQIYKT,6
