tcr.a.cdr3.aa,tcr.b.cdr3.aa,epi.aa,lab.binder,mhc.allele.enc,tcr.a.v.allele.enc,tcr.a.j.allele.enc,tcr.b.v.allele.enc,tcr.b.j.allele.enc,tcr.species.enc,mhc.class.enc
ALGDHSGSWQLI,ASSLRTGANSDYT,GVYATSSAVRLR,True,"[0, 0, 0]","[0, 0, 0, 0, 0]","[0, 0, 0, 0, 0]","[0, 0, 0, 0, 0]","[0, 0, 0, 0, 0]",[0],[0]
LVGDGGSFSGGYNKLI,SAGVGGQETQY,QPFPQPELPYP,True,"[0, 0, 0]","[0, 0, 0, 0, 0]","[0, 0, 0, 0, 0]","[0, 0, 0, 0, 0]","[0, 0, 0, 0, 0]",[0],[0]
ALSGFYNTDKLI,ASPGLAGEYEQY,LPEPLPQGQLTAY,True,"[0, 0, 0]","[0, 0, 0, 0, 0]","[0, 0, 0, 0, 0]","[0, 0, 0, 0, 0]","[0, 0, 0, 0, 0]",[0],[0]
AVLSSGGSNYKLT,ASSFIGGTDTQY,YLEPGPVTV,True,"[0, 0, 0]","[0, 0, 0, 0, 0]","[0, 0, 0, 0, 0]","[0, 0, 0, 0, 0]","[0, 0, 0, 0, 0]",[0],[0]
VVNINTDKLI,ASSSANSGELF,YLQPRTFLL,True,"[0, 0, 0]","[0, 0, 0, 0, 0]","[0, 0, 0, 0, 0]","[0, 0, 0, 0, 0]","[0, 0, 0, 0, 0]",[0],[0]
AVGETGANNLF,ASSEARRYNEQF,PSGEGSFQPSQENPQ,True,"[0, 0, 0]","[0, 0, 0, 0, 0]","[0, 0, 0, 0, 0]","[0, 0, 0, 0, 0]","[0, 0, 0, 0, 0]",[0],[0]
ALSDSGSFNKLT,ASSLDWGGQNTLY,GGYRAPAKAAAT,True,"[0, 0, 0]","[0, 0, 0, 0, 0]","[0, 0, 0, 0, 0]","[0, 0, 0, 0, 0]","[0, 0, 0, 0, 0]",[0],[0]
AADGGAGSYQLT,SAGPTSGRTDTQY,LPFDKATIM,True,"[0, 0, 0]","[0, 0, 0, 0, 0]","[0, 0, 0, 0, 0]","[0, 0, 0, 0, 0]","[0, 0, 0, 0, 0]",[0],[0]
GLGDAGNMLT,ASSLGQGLLYGYT,GTSGSPIINR,True,"[0, 0, 0]","[0, 0, 0, 0, 0]","[0, 0, 0, 0, 0]","[0, 0, 0, 0, 0]","[0, 0, 0, 0, 0]",[0],[0]
ATDKKGGATNKLI,ASSQGGGEQY,ATGLAWEWWRTVYE,True,"[0, 0, 0]","[0, 0, 0, 0, 0]","[0, 0, 0, 0, 0]","[0, 0, 0, 0, 0]","[0, 0, 0, 0, 0]",[0],[0]
LVGGLARDMR,SVALGSDTGELF,QPFPQPELPYGSGGS,True,"[0, 0, 0]","[0, 0, 0, 0, 0]","[0, 0, 0, 0, 0]","[0, 0, 0, 0, 0]","[0, 0, 0, 0, 0]",[0],[0]
GTYNQGGKLI,ASSGASHEQY,RFPLTFGWCF,True,"[0, 0, 0]","[0, 0, 0, 0, 0]","[0, 0, 0, 0, 0]","[0, 0, 0, 0, 0]","[0, 0, 0, 0, 0]",[0],[0]
AGQPLGGSNYKLT,ASSANPGDSSNEKLF,VMAPRTLIL,True,"[0, 0, 0]","[0, 0, 0, 0, 0]","[0, 0, 0, 0, 0]","[0, 0, 0, 0, 0]","[0, 0, 0, 0, 0]",[0],[0]
LVGEILDNFNKFY,ASSQRQEGDTQY,APRGPHGGAASGL,True,"[0, 0, 0]","[0, 0, 0, 0, 0]","[0, 0, 0, 0, 0]","[0, 0, 0, 0, 0]","[0, 0, 0, 0, 0]",[0],[0]
AVGGGADGLT,ASSQGLAGAGELF,ELAGIGILTV,True,"[0, 0, 0]","[0, 0, 0, 0, 0]","[0, 0, 0, 0, 0]","[0, 0, 0, 0, 0]","[0, 0, 0, 0, 0]",[0],[0]
AVSAKGTGSKLS,ASSDAPGQLY,FLSPFWFDI,True,"[0, 0, 0]","[0, 0, 0, 0, 0]","[0, 0, 0, 0, 0]","[0, 0, 0, 0, 0]","[0, 0, 0, 0, 0]",[0],[0]
AVRPLLDGTYIPT,ASSYLGNTGELF,SLLMWITQC,True,"[0, 0, 0]","[0, 0, 0, 0, 0]","[0, 0, 0, 0, 0]","[0, 0, 0, 0, 0]","[0, 0, 0, 0, 0]",[0],[0]
AALRATGGNNKLT,ASSLNWSQDTQY,PADPLAFFSSAIKGGGGSLV,True,"[0, 0, 0]","[0, 0, 0, 0, 0]","[0, 0, 0, 0, 0]","[0, 0, 0, 0, 0]","[0, 0, 0, 0, 0]",[0],[0]
AEPSGNTGKLI,ASSLHHEQY,QLPRLFPLL,True,"[0, 0, 0]","[0, 0, 0, 0, 0]","[0, 0, 0, 0, 0]","[0, 0, 0, 0, 0]","[0, 0, 0, 0, 0]",[0],[0]
AYGEDDKII,ASRRGPYEQY,KLVALGINAV,True,"[0, 0, 0]","[0, 0, 0, 0, 0]","[0, 0, 0, 0, 0]","[0, 0, 0, 0, 0]","[0, 0, 0, 0, 0]",[0],[0]
AARDSNYQLI,ASGDTGGYEQY,VVGAVGVGK,True,"[0, 0, 0]","[0, 0, 0, 0, 0]","[0, 0, 0, 0, 0]","[0, 0, 0, 0, 0]","[0, 0, 0, 0, 0]",[0],[0]
AVDRGSTLGRLY,ASSQIRETQY,GELIGILNAAKVPAD,True,"[0, 0, 0]","[0, 0, 0, 0, 0]","[0, 0, 0, 0, 0]","[0, 0, 0, 0, 0]","[0, 0, 0, 0, 0]",[0],[0]
AVNFGGGKLI,ASSLSFGTEAF,SMLGIGIVPV,True,"[0, 0, 0]","[0, 0, 0, 0, 0]","[0, 0, 0, 0, 0]","[0, 0, 0, 0, 0]","[0, 0, 0, 0, 0]",[0],[0]
AVSLERPYLT,ASGGGGTLY,QLSPFPFDL,True,"[0, 0, 0]","[0, 0, 0, 0, 0]","[0, 0, 0, 0, 0]","[0, 0, 0, 0, 0]","[0, 0, 0, 0, 0]",[0],[0]
AVQDLGTSGSRLT,ASSARSGELF,HPVGEADYFEY,True,"[0, 0, 0]","[0, 0, 0, 0, 0]","[0, 0, 0, 0, 0]","[0, 0, 0, 0, 0]","[0, 0, 0, 0, 0]",[0],[0]
ILPLAGGTSYGKLT,ASSLGQAYEQY,EEYLKAWTF,True,"[0, 0, 0]","[0, 0, 0, 0, 0]","[0, 0, 0, 0, 0]","[0, 0, 0, 0, 0]","[0, 0, 0, 0, 0]",[0],[0]
AMRGDSSYKLI,ASSLWEKLAKNIQY,AQWGPDPAAA,True,"[0, 0, 0]","[0, 0, 0, 0, 0]","[0, 0, 0, 0, 0]","[0, 0, 0, 0, 0]","[0, 0, 0, 0, 0]",[0],[0]
AVALNNNAGNMLT,ASSVAPGSDTQY,APSGEGSFQPSQENPQ,True,"[0, 0, 0]","[0, 0, 0, 0, 0]","[0, 0, 0, 0, 0]","[0, 0, 0, 0, 0]","[0, 0, 0, 0, 0]",[0],[0]
ALSGSARQLT,ASSHREGETQY,ATGLAWEWWRTVYE,True,"[0, 0, 0]","[0, 0, 0, 0, 0]","[0, 0, 0, 0, 0]","[0, 0, 0, 0, 0]","[0, 0, 0, 0, 0]",[0],[0]
AARYQGGRALI,TCSAAPDWGASAETLY,KVITFIDL,True,"[0, 0, 0]","[0, 0, 0, 0, 0]","[0, 0, 0, 0, 0]","[0, 0, 0, 0, 0]","[0, 0, 0, 0, 0]",[0],[0]
AVKSGGSYIPT,ASSYLNRDSALD,SLLMWITQV,True,"[0, 0, 0]","[0, 0, 0, 0, 0]","[0, 0, 0, 0, 0]","[0, 0, 0, 0, 0]","[0, 0, 0, 0, 0]",[0],[0]
AAAMDSSYKLI,ASSDPGTEAF,GADGVGKSAL,True,"[0, 0, 0]","[0, 0, 0, 0, 0]","[0, 0, 0, 0, 0]","[0, 0, 0, 0, 0]","[0, 0, 0, 0, 0]",[0],[0]
ALSGGDSSYKLI,ASSLADRVNTEAF,VHFFKNIVTPRTPG,True,"[0, 0, 0]","[0, 0, 0, 0, 0]","[0, 0, 0, 0, 0]","[0, 0, 0, 0, 0]","[0, 0, 0, 0, 0]",[0],[0]
ILSGGSNYKLT,ASSFGREQY,SSLENFRAYV,True,"[0, 0, 0]","[0, 0, 0, 0, 0]","[0, 0, 0, 0, 0]","[0, 0, 0, 0, 0]","[0, 0, 0, 0, 0]",[0],[0]
AASVYAGGTSYGKLT,ASRPRRDNEQF,QPLALEGSLQKRG,True,"[0, 0, 0]","[0, 0, 0, 0, 0]","[0, 0, 0, 0, 0]","[0, 0, 0, 0, 0]","[0, 0, 0, 0, 0]",[0],[0]
LVVDQKLV,ASSGGHTGSNEQF,APRGPHGGAASGL,True,"[0, 0, 0]","[0, 0, 0, 0, 0]","[0, 0, 0, 0, 0]","[0, 0, 0, 0, 0]","[0, 0, 0, 0, 0]",[0],[0]
ALSPSNTNKVV,ASSLDWGVNTLY,GGYAPAKAAAT,True,"[0, 0, 0]","[0, 0, 0, 0, 0]","[0, 0, 0, 0, 0]","[0, 0, 0, 0, 0]","[0, 0, 0, 0, 0]",[0],[0]
ILRDRSNQFY,ASSTTPGTGTETQY,APSGEGSFQPSQENPQ,True,"[0, 0, 0]","[0, 0, 0, 0, 0]","[0, 0, 0, 0, 0]","[0, 0, 0, 0, 0]","[0, 0, 0, 0, 0]",[0],[0]
ALDIYPHDMR,ASSLDPGDTGELF,HMTEVVRHC,True,"[0, 0, 0]","[0, 0, 0, 0, 0]","[0, 0, 0, 0, 0]","[0, 0, 0, 0, 0]","[0, 0, 0, 0, 0]",[0],[0]
AVNVAGKST,AWSETGLGTGELF,EAAGIGILTV,True,"[0, 0, 0]","[0, 0, 0, 0, 0]","[0, 0, 0, 0, 0]","[0, 0, 0, 0, 0]","[0, 0, 0, 0, 0]",[0],[0]
AVTTDSWGKLQ,ASRPGLAGGRPEQY,LGYGFVNYI,True,"[0, 0, 0]","[0, 0, 0, 0, 0]","[0, 0, 0, 0, 0]","[0, 0, 0, 0, 0]","[0, 0, 0, 0, 0]",[0],[0]
VVNRNNDMR,AGQVTNTGELF,YLQPRTFLL,True,"[0, 0, 0]","[0, 0, 0, 0, 0]","[0, 0, 0, 0, 0]","[0, 0, 0, 0, 0]","[0, 0, 0, 0, 0]",[0],[0]
AARSSGSWQLI,ASSQDRGDSAHTLY,VVGAVGVGK,True,"[0, 0, 0]","[0, 0, 0, 0, 0]","[0, 0, 0, 0, 0]","[0, 0, 0, 0, 0]","[0, 0, 0, 0, 0]",[0],[0]
IVWGGYQKVT,ASRYRDDSYNEQF,EENLLDFVRF,True,"[0, 0, 0]","[0, 0, 0, 0, 0]","[0, 0, 0, 0, 0]","[0, 0, 0, 0, 0]","[0, 0, 0, 0, 0]",[0],[0]
ALTRGPGNQFY,ASSSPGGVSTEAF,SLLMWITQV,True,"[0, 0, 0]","[0, 0, 0, 0, 0]","[0, 0, 0, 0, 0]","[0, 0, 0, 0, 0]","[0, 0, 0, 0, 0]",[0],[0]
ATDDDSARQLT,ASSLTGGGELF,TAFTIPSI,True,"[0, 0, 0]","[0, 0, 0, 0, 0]","[0, 0, 0, 0, 0]","[0, 0, 0, 0, 0]","[0, 0, 0, 0, 0]",[0],[0]
ALSDSSSFSKLV,ASSLDWASQNTLY,GGYAPAKAAAT,True,"[0, 0, 0]","[0, 0, 0, 0, 0]","[0, 0, 0, 0, 0]","[0, 0, 0, 0, 0]","[0, 0, 0, 0, 0]",[0],[0]
AASDDNNNRIF,ASGGQSNERLF,EGRVRVNSAYQS,True,"[0, 0, 0]","[0, 0, 0, 0, 0]","[0, 0, 0, 0, 0]","[0, 0, 0, 0, 0]","[0, 0, 0, 0, 0]",[0],[0]
AVSDPPPLLT,ASGGGGTLY,QLSPFPFDL,True,"[0, 0, 0]","[0, 0, 0, 0, 0]","[0, 0, 0, 0, 0]","[0, 0, 0, 0, 0]","[0, 0, 0, 0, 0]",[0],[0]
AVSAKGTGSKLS,ASSDAPGQLY,SPAEAGFFL,True,"[0, 0, 0]","[0, 0, 0, 0, 0]","[0, 0, 0, 0, 0]","[0, 0, 0, 0, 0]","[0, 0, 0, 0, 0]",[0],[0]
AFGSSNTGKLI,ASSQDLFTGGYT,RPPIFIRRL,True,"[0, 0, 0]","[0, 0, 0, 0, 0]","[0, 0, 0, 0, 0]","[0, 0, 0, 0, 0]","[0, 0, 0, 0, 0]",[0],[0]
AALYGNEKIT,ASSDAGGRNTLY,KAPYNFATM,True,"[0, 0, 0]","[0, 0, 0, 0, 0]","[0, 0, 0, 0, 0]","[0, 0, 0, 0, 0]","[0, 0, 0, 0, 0]",[0],[0]
AVGASGNTGKLI,ASSLRDGYTGELF,QHIRCNIPKRISA,True,"[0, 0, 0]","[0, 0, 0, 0, 0]","[0, 0, 0, 0, 0]","[0, 0, 0, 0, 0]","[0, 0, 0, 0, 0]",[0],[0]
AVRPTSGGSYIPT,ASSYVGNTGELF,SLLMWITQC,True,"[0, 0, 0]","[0, 0, 0, 0, 0]","[0, 0, 0, 0, 0]","[0, 0, 0, 0, 0]","[0, 0, 0, 0, 0]",[0],[0]
AVNFGGGKLI,ASSLSFGTEAF,AAGIGILTV,True,"[0, 0, 0]","[0, 0, 0, 0, 0]","[0, 0, 0, 0, 0]","[0, 0, 0, 0, 0]","[0, 0, 0, 0, 0]",[0],[0]
ALSHNSGGSNYKLT,ASSFRGGKTQY,IPLTEEAEL,True,"[0, 0, 0]","[0, 0, 0, 0, 0]","[0, 0, 0, 0, 0]","[0, 0, 0, 0, 0]","[0, 0, 0, 0, 0]",[0],[0]
AGGTGNQFY,AISEVGVGQPQH,ELAGIGILTV,True,"[0, 0, 0]","[0, 0, 0, 0, 0]","[0, 0, 0, 0, 0]","[0, 0, 0, 0, 0]","[0, 0, 0, 0, 0]",[0],[0]
AVNRDDKII,ASSPDIEQY,YLQPRTFLL,True,"[0, 0, 0]","[0, 0, 0, 0, 0]","[0, 0, 0, 0, 0]","[0, 0, 0, 0, 0]","[0, 0, 0, 0, 0]",[0],[0]
AADGGAGSYQLT,SAGPTSGRTDTQY,LPFDKSTIM,True,"[0, 0, 0]","[0, 0, 0, 0, 0]","[0, 0, 0, 0, 0]","[0, 0, 0, 0, 0]","[0, 0, 0, 0, 0]",[0],[0]
ATDTTSGTYKYI,SARDLTSGANNEQF,ENPVVHFFKNIVTP,True,"[0, 0, 0]","[0, 0, 0, 0, 0]","[0, 0, 0, 0, 0]","[0, 0, 0, 0, 0]","[0, 0, 0, 0, 0]",[0],[0]
AMRGDSSYKLI,ASSLWEKLAKNIQY,YQFGPDFPIA,True,"[0, 0, 0]","[0, 0, 0, 0, 0]","[0, 0, 0, 0, 0]","[0, 0, 0, 0, 0]","[0, 0, 0, 0, 0]",[0],[0]
GTYNQGGKLI,ASSGASHEQY,RFPLTFGWCF,True,"[0, 0, 0]","[0, 0, 0, 0, 0]","[0, 0, 0, 0, 0]","[0, 0, 0, 0, 0]","[0, 0, 0, 0, 0]",[0],[0]
AMSGLKEDSSYKLI,ASSIQQGADTQY,HMTEVVRHC,True,"[0, 0, 0]","[0, 0, 0, 0, 0]","[0, 0, 0, 0, 0]","[0, 0, 0, 0, 0]","[0, 0, 0, 0, 0]",[0],[0]
AVSESPFGNEKLT,ASSSTGLPYGYT,PKYVKQNTLKLAT,True,"[0, 0, 0]","[0, 0, 0, 0, 0]","[0, 0, 0, 0, 0]","[0, 0, 0, 0, 0]","[0, 0, 0, 0, 0]",[0],[0]
AADGGAGSYQLT,SAGPTSGRTDTQY,LPFEKSTIM,True,"[0, 0, 0]","[0, 0, 0, 0, 0]","[0, 0, 0, 0, 0]","[0, 0, 0, 0, 0]","[0, 0, 0, 0, 0]",[0],[0]
AVRPLLDGTYIPT,ASSYLGNTGELF,SLLMWITQC,True,"[0, 0, 0]","[0, 0, 0, 0, 0]","[0, 0, 0, 0, 0]","[0, 0, 0, 0, 0]","[0, 0, 0, 0, 0]",[0],[0]
AMRGDSSYKLI,ASSLWEKLAKNIQY,ALWGPDPAAA,True,"[0, 0, 0]","[0, 0, 0, 0, 0]","[0, 0, 0, 0, 0]","[0, 0, 0, 0, 0]","[0, 0, 0, 0, 0]",[0],[0]
AVNVAGKST,AWSETGLGTGELF,NLSALGIFST,True,"[0, 0, 0]","[0, 0, 0, 0, 0]","[0, 0, 0, 0, 0]","[0, 0, 0, 0, 0]","[0, 0, 0, 0, 0]",[0],[0]
AVTNQAGTALI,ASSYSIRGSRGEQF,RLPAKAPL,True,"[0, 0, 0]","[0, 0, 0, 0, 0]","[0, 0, 0, 0, 0]","[0, 0, 0, 0, 0]","[0, 0, 0, 0, 0]",[0],[0]
ILRDGRGGADGLT,ASSVAVSAGTYEQY,SGEGSFQPSQENP,True,"[0, 0, 0]","[0, 0, 0, 0, 0]","[0, 0, 0, 0, 0]","[0, 0, 0, 0, 0]","[0, 0, 0, 0, 0]",[0],[0]
AVNDGGRLT,AWSETGLGMGGWQ,EAAGIGILTV,True,"[0, 0, 0]","[0, 0, 0, 0, 0]","[0, 0, 0, 0, 0]","[0, 0, 0, 0, 0]","[0, 0, 0, 0, 0]",[0],[0]
AAEPSSGQKLV,ASSLNNANSDYT,ADLIAYLKQATKG,True,"[0, 0, 0]","[0, 0, 0, 0, 0]","[0, 0, 0, 0, 0]","[0, 0, 0, 0, 0]","[0, 0, 0, 0, 0]",[0],[0]
GLGDAGNMLT,ASSLGQGLLYGYT,GTSGSPIVNR,True,"[0, 0, 0]","[0, 0, 0, 0, 0]","[0, 0, 0, 0, 0]","[0, 0, 0, 0, 0]","[0, 0, 0, 0, 0]",[0],[0]
ATDALYSGGGADGLT,ASSYSEGEDEAF,VRSRRLRL,True,"[0, 0, 0]","[0, 0, 0, 0, 0]","[0, 0, 0, 0, 0]","[0, 0, 0, 0, 0]","[0, 0, 0, 0, 0]",[0],[0]
ILDNNNDMR,ASSLAPGTTNEKLF,NLVPMVATV,True,"[0, 0, 0]","[0, 0, 0, 0, 0]","[0, 0, 0, 0, 0]","[0, 0, 0, 0, 0]","[0, 0, 0, 0, 0]",[0],[0]
AVQFMDSNYQLI,ASSVAGTPSYEQY,QPQQSFPEQEA,True,"[0, 0, 0]","[0, 0, 0, 0, 0]","[0, 0, 0, 0, 0]","[0, 0, 0, 0, 0]","[0, 0, 0, 0, 0]",[0],[0]
GTERSGGYQKVT,ASSMSAMGTEAF,FEDLRVLSF,True,"[0, 0, 0]","[0, 0, 0, 0, 0]","[0, 0, 0, 0, 0]","[0, 0, 0, 0, 0]","[0, 0, 0, 0, 0]",[0],[0]
AVRPTSGGSYIPT,ASSYVGNTGELF,SLLMWITQV,True,"[0, 0, 0]","[0, 0, 0, 0, 0]","[0, 0, 0, 0, 0]","[0, 0, 0, 0, 0]","[0, 0, 0, 0, 0]",[0],[0]
ILRDSRAQKLV,ASSAGTSGEYEQY,SGEGSFQPSQENP,True,"[0, 0, 0]","[0, 0, 0, 0, 0]","[0, 0, 0, 0, 0]","[0, 0, 0, 0, 0]","[0, 0, 0, 0, 0]",[0],[0]
AVRPTSGGSYIPT,ASSYVGNTGELF,SLLMWITQC,True,"[0, 0, 0]","[0, 0, 0, 0, 0]","[0, 0, 0, 0, 0]","[0, 0, 0, 0, 0]","[0, 0, 0, 0, 0]",[0],[0]
AVRPGGAGPFFVV,ASSFNMATGQY,ESDPIVAQY,True,"[0, 0, 0]","[0, 0, 0, 0, 0]","[0, 0, 0, 0, 0]","[0, 0, 0, 0, 0]","[0, 0, 0, 0, 0]",[0],[0]
AFKAAGNKLT,ASSRLAGGMDEQF,RFYKTLRAEQASQ,True,"[0, 0, 0]","[0, 0, 0, 0, 0]","[0, 0, 0, 0, 0]","[0, 0, 0, 0, 0]","[0, 0, 0, 0, 0]",[0],[0]
AALYGNEKIT,ASSDAGGRNTLY,KAVANFATM,True,"[0, 0, 0]","[0, 0, 0, 0, 0]","[0, 0, 0, 0, 0]","[0, 0, 0, 0, 0]","[0, 0, 0, 0, 0]",[0],[0]
AVSNFNKFY,ASSVATYSTDTQY,LRVMMLAPF,True,"[0, 0, 0]","[0, 0, 0, 0, 0]","[0, 0, 0, 0, 0]","[0, 0, 0, 0, 0]","[0, 0, 0, 0, 0]",[0],[0]
AVNDGGRLT,AWSETGLGMGGWQ,AAGIGILTV,True,"[0, 0, 0]","[0, 0, 0, 0, 0]","[0, 0, 0, 0, 0]","[0, 0, 0, 0, 0]","[0, 0, 0, 0, 0]",[0],[0]
AAEASNTNKVV,ASSLNNANSDYT,ANGVAFFLTPFKA,True,"[0, 0, 0]","[0, 0, 0, 0, 0]","[0, 0, 0, 0, 0]","[0, 0, 0, 0, 0]","[0, 0, 0, 0, 0]",[0],[0]
AAEASNTNKVV,ASSLNNANSDYT,ADGLAYFRSSFKGG,True,"[0, 0, 0]","[0, 0, 0, 0, 0]","[0, 0, 0, 0, 0]","[0, 0, 0, 0, 0]","[0, 0, 0, 0, 0]",[0],[0]
AVREGAQKLV,ASSLDLGADEQF,LLLDRLNQL,True,"[0, 0, 0]","[0, 0, 0, 0, 0]","[0, 0, 0, 0, 0]","[0, 0, 0, 0, 0]","[0, 0, 0, 0, 0]",[0],[0]
AGPGGSSNTGKLI,ASSLIYPGELF,GILGFVFTL,True,"[0, 0, 0]","[0, 0, 0, 0, 0]","[0, 0, 0, 0, 0]","[0, 0, 0, 0, 0]","[0, 0, 0, 0, 0]",[0],[0]
AALYGNEKIT,ASSDAGGRNTLY,KAVYNFATM,True,"[0, 0, 0]","[0, 0, 0, 0, 0]","[0, 0, 0, 0, 0]","[0, 0, 0, 0, 0]","[0, 0, 0, 0, 0]",[0],[0]
ALFLASSSFSKLV,ASSDWVSYEQY,ALWGFFPVL,True,"[0, 0, 0]","[0, 0, 0, 0, 0]","[0, 0, 0, 0, 0]","[0, 0, 0, 0, 0]","[0, 0, 0, 0, 0]",[0],[0]
ALFLASSSFSKLV,ASSDWVSYEQY,ALWGFFPVL,True,"[0, 0, 0]","[0, 0, 0, 0, 0]","[0, 0, 0, 0, 0]","[0, 0, 0, 0, 0]","[0, 0, 0, 0, 0]",[0],[0]
ILPLAGGTSYGKLT,ASSLGQAYEQY,EEYLQAFTY,True,"[0, 0, 0]","[0, 0, 0, 0, 0]","[0, 0, 0, 0, 0]","[0, 0, 0, 0, 0]","[0, 0, 0, 0, 0]",[0],[0]
AVRPTSGGSYIPT,ASSYVGNTGELF,SLLMWITQC,True,"[0, 0, 0]","[0, 0, 0, 0, 0]","[0, 0, 0, 0, 0]","[0, 0, 0, 0, 0]","[0, 0, 0, 0, 0]",[0],[0]
AGQPLGGSNYKLT,ASSANPGDSSNEKLF,VMAPRTLVL,True,"[0, 0, 0]","[0, 0, 0, 0, 0]","[0, 0, 0, 0, 0]","[0, 0, 0, 0, 0]","[0, 0, 0, 0, 0]",[0],[0]
AFKAAGNKLT,ASSRLAGGMDEQF,RFYKTLRAEQASQ,True,"[0, 0, 0]","[0, 0, 0, 0, 0]","[0, 0, 0, 0, 0]","[0, 0, 0, 0, 0]","[0, 0, 0, 0, 0]",[0],[0]
AMRGDSSYKLI,ASSLWEKLAKNIQY,YLGGPDFPTI,True,"[0, 0, 0]","[0, 0, 0, 0, 0]","[0, 0, 0, 0, 0]","[0, 0, 0, 0, 0]","[0, 0, 0, 0, 0]",[0],[0]
AVSAKGTGSKLS,ASSDAPGQLY,SPAPRPLDL,True,"[0, 0, 0]","[0, 0, 0, 0, 0]","[0, 0, 0, 0, 0]","[0, 0, 0, 0, 0]","[0, 0, 0, 0, 0]",[0],[0]
VVRAGKLI,ASGQGNFDIQY,FLRGRAYGL,True,"[0, 0, 0]","[0, 0, 0, 0, 0]","[0, 0, 0, 0, 0]","[0, 0, 0, 0, 0]","[0, 0, 0, 0, 0]",[0],[0]
AVTTDSWGKLQ,ASRPGLAGGRPEQY,LLFGYAVYV,True,"[0, 0, 0]","[0, 0, 0, 0, 0]","[0, 0, 0, 0, 0]","[0, 0, 0, 0, 0]","[0, 0, 0, 0, 0]",[0],[0]
ALSGFYNTDKLI,ASPGLAGEYEQY,LPEPLPQGQLTAY,True,"[0, 0, 0]","[0, 0, 0, 0, 0]","[0, 0, 0, 0, 0]","[0, 0, 0, 0, 0]","[0, 0, 0, 0, 0]",[0],[0]
AMRGDSSYKLI,ASSLWEKLAKNIQY,MVWGPDPLYV,True,"[0, 0, 0]","[0, 0, 0, 0, 0]","[0, 0, 0, 0, 0]","[0, 0, 0, 0, 0]","[0, 0, 0, 0, 0]",[0],[0]
AVLSPVQETSGSRLT,ASSVGLFSTDTQY,TRLALIAPK,True,"[0, 0, 0]","[0, 0, 0, 0, 0]","[0, 0, 0, 0, 0]","[0, 0, 0, 0, 0]","[0, 0, 0, 0, 0]",[0],[0]
AVQPLNAGNNRKLI,SAREWGGTEAF,GVYDGREHTV,True,"[0, 0, 0]","[0, 0, 0, 0, 0]","[0, 0, 0, 0, 0]","[0, 0, 0, 0, 0]","[0, 0, 0, 0, 0]",[0],[0]
AVQASGGSYIPT,ATGTGDSNQPQH,EPLPQGQLTAY,True,"[0, 0, 0]","[0, 0, 0, 0, 0]","[0, 0, 0, 0, 0]","[0, 0, 0, 0, 0]","[0, 0, 0, 0, 0]",[0],[0]
AVSGFASALT,ASGGGGTLY,SIYRYYGL,True,"[0, 0, 0]","[0, 0, 0, 0, 0]","[0, 0, 0, 0, 0]","[0, 0, 0, 0, 0]","[0, 0, 0, 0, 0]",[0],[0]
AVGFTGGGNKLT,ASSDRDRVPETQY,RYPLTFGW,True,"[0, 0, 0]","[0, 0, 0, 0, 0]","[0, 0, 0, 0, 0]","[0, 0, 0, 0, 0]","[0, 0, 0, 0, 0]",[0],[0]
IVNPANTGNQFY,ASRRDYFSYEQY,EIFDSGNPTGEV,True,"[0, 0, 0]","[0, 0, 0, 0, 0]","[0, 0, 0, 0, 0]","[0, 0, 0, 0, 0]","[0, 0, 0, 0, 0]",[0],[0]
AFITGNQFY,ASSQTQLWETQY,NLVPMVATV,True,"[0, 0, 0]","[0, 0, 0, 0, 0]","[0, 0, 0, 0, 0]","[0, 0, 0, 0, 0]","[0, 0, 0, 0, 0]",[0],[0]
ATVYAQGLT,ASSDWGDTGQLY,SQLLNAKYL,True,"[0, 0, 0]","[0, 0, 0, 0, 0]","[0, 0, 0, 0, 0]","[0, 0, 0, 0, 0]","[0, 0, 0, 0, 0]",[0],[0]
AVRTNSGYALN,ASSDTVSYEQY,SLFNTIAVL,True,"[0, 0, 0]","[0, 0, 0, 0, 0]","[0, 0, 0, 0, 0]","[0, 0, 0, 0, 0]","[0, 0, 0, 0, 0]",[0],[0]
IVRGLNNAGNMLT,ASSLGIDAIY,TPQDLNTML,True,"[0, 0, 0]","[0, 0, 0, 0, 0]","[0, 0, 0, 0, 0]","[0, 0, 0, 0, 0]","[0, 0, 0, 0, 0]",[0],[0]
LVGGGGYVLT,ASSQDLGAGEVYEQY,GGAI,True,"[0, 0, 0]","[0, 0, 0, 0, 0]","[0, 0, 0, 0, 0]","[0, 0, 0, 0, 0]","[0, 0, 0, 0, 0]",[0],[0]
AGAGSQGNLI,ASSIRSSYEQY,GILEFVFTL,True,"[0, 0, 0]","[0, 0, 0, 0, 0]","[0, 0, 0, 0, 0]","[0, 0, 0, 0, 0]","[0, 0, 0, 0, 0]",[0],[0]
AVTTDSWGKLQ,ASRPGLAGGRPEQY,LLFGYPRYV,True,"[0, 0, 0]","[0, 0, 0, 0, 0]","[0, 0, 0, 0, 0]","[0, 0, 0, 0, 0]","[0, 0, 0, 0, 0]",[0],[0]
AANSGTYQR,ASGDFWGDTLY,WIYVYRPMGCGGS,True,"[0, 0, 0]","[0, 0, 0, 0, 0]","[0, 0, 0, 0, 0]","[0, 0, 0, 0, 0]","[0, 0, 0, 0, 0]",[0],[0]
AVSHQGRYLT,ASGGGGTLY,QLSPFPFDL,True,"[0, 0, 0]","[0, 0, 0, 0, 0]","[0, 0, 0, 0, 0]","[0, 0, 0, 0, 0]","[0, 0, 0, 0, 0]",[0],[0]
AAEDGGSGNKLI,ASSWDRAGNTLY,GAMKRHGLDNYRGYSLG,True,"[0, 0, 0]","[0, 0, 0, 0, 0]","[0, 0, 0, 0, 0]","[0, 0, 0, 0, 0]","[0, 0, 0, 0, 0]",[0],[0]
AALYGNEKIT,ASSDAGGRNTLY,KAPANFATM,True,"[0, 0, 0]","[0, 0, 0, 0, 0]","[0, 0, 0, 0, 0]","[0, 0, 0, 0, 0]","[0, 0, 0, 0, 0]",[0],[0]
AASETSGSWQLI,ASSRDLGRDTQY,ASNENMETM,True,"[0, 0, 0]","[0, 0, 0, 0, 0]","[0, 0, 0, 0, 0]","[0, 0, 0, 0, 0]","[0, 0, 0, 0, 0]",[0],[0]
AVRTNSGYALN,ASSDTVSYEQY,SLYNTIATL,True,"[0, 0, 0]","[0, 0, 0, 0, 0]","[0, 0, 0, 0, 0]","[0, 0, 0, 0, 0]","[0, 0, 0, 0, 0]",[0],[0]
AVVFTGGGNKLT,ASSLRDRVPETQY,RYPLTFGW,True,"[0, 0, 0]","[0, 0, 0, 0, 0]","[0, 0, 0, 0, 0]","[0, 0, 0, 0, 0]","[0, 0, 0, 0, 0]",[0],[0]
ILSGGCNYKLT,ASSFGREQY,SSLCNFRAYV,True,"[0, 0, 0]","[0, 0, 0, 0, 0]","[0, 0, 0, 0, 0]","[0, 0, 0, 0, 0]","[0, 0, 0, 0, 0]",[0],[0]
ALGDTGNYKYV,ASSAVNSGNTLY,GVYATSSAVRLR,True,"[0, 0, 0]","[0, 0, 0, 0, 0]","[0, 0, 0, 0, 0]","[0, 0, 0, 0, 0]","[0, 0, 0, 0, 0]",[0],[0]
IVLGGADGLT,ASSFRFTDTQY,APQPELPYPQPG,True,"[0, 0, 0]","[0, 0, 0, 0, 0]","[0, 0, 0, 0, 0]","[0, 0, 0, 0, 0]","[0, 0, 0, 0, 0]",[0],[0]
IVWGGATNKLI,ASSVRSTDTQY,APQPELPYPQPGS,True,"[0, 0, 0]","[0, 0, 0, 0, 0]","[0, 0, 0, 0, 0]","[0, 0, 0, 0, 0]","[0, 0, 0, 0, 0]",[0],[0]
AMRGDYGGSGNKLI,TCSADRVGNTLY,SQYYYNSL,True,"[0, 0, 0]","[0, 0, 0, 0, 0]","[0, 0, 0, 0, 0]","[0, 0, 0, 0, 0]","[0, 0, 0, 0, 0]",[0],[0]
AVRGTGRRALT,ASSFATEAF,GLYDGMEHL,True,"[0, 0, 0]","[0, 0, 0, 0, 0]","[0, 0, 0, 0, 0]","[0, 0, 0, 0, 0]","[0, 0, 0, 0, 0]",[0],[0]
AVGAPSGAGSYQLT,ASSPTSGIYEQY,RFPLTFGWCF,True,"[0, 0, 0]","[0, 0, 0, 0, 0]","[0, 0, 0, 0, 0]","[0, 0, 0, 0, 0]","[0, 0, 0, 0, 0]",[0],[0]
AVNVAGKST,AWSETGLGTGELF,AAGIGILTV,True,"[0, 0, 0]","[0, 0, 0, 0, 0]","[0, 0, 0, 0, 0]","[0, 0, 0, 0, 0]","[0, 0, 0, 0, 0]",[0],[0]
AVSGGYQKVT,ASTGSYGYT,KAFSPEVIPMF,True,"[0, 0, 0]","[0, 0, 0, 0, 0]","[0, 0, 0, 0, 0]","[0, 0, 0, 0, 0]","[0, 0, 0, 0, 0]",[0],[0]
LVALNYGGSQGNLI,AISPTEEGGLIFPGNTIY,YMDGTMSQV,True,"[0, 0, 0]","[0, 0, 0, 0, 0]","[0, 0, 0, 0, 0]","[0, 0, 0, 0, 0]","[0, 0, 0, 0, 0]",[0],[0]
AARSSGSWQLI,ASSQDRGDSAETLY,VVGAVGVGK,True,"[0, 0, 0]","[0, 0, 0, 0, 0]","[0, 0, 0, 0, 0]","[0, 0, 0, 0, 0]","[0, 0, 0, 0, 0]",[0],[0]
AMRGDSSYKLI,ASSLWEKLAKNIQY,ALWGPDPAAA,True,"[0, 0, 0]","[0, 0, 0, 0, 0]","[0, 0, 0, 0, 0]","[0, 0, 0, 0, 0]","[0, 0, 0, 0, 0]",[0],[0]
AVTTDSWGKLQ,ASRPGLAGGRPEQY,LLFGYPVAV,True,"[0, 0, 0]","[0, 0, 0, 0, 0]","[0, 0, 0, 0, 0]","[0, 0, 0, 0, 0]","[0, 0, 0, 0, 0]",[0],[0]
AGAGSQGNLI,ASSSRSSYEQY,GILGFVFTL,True,"[0, 0, 0]","[0, 0, 0, 0, 0]","[0, 0, 0, 0, 0]","[0, 0, 0, 0, 0]","[0, 0, 0, 0, 0]",[0],[0]
AVTTDSWGKLQ,ASRPGLAGGRPEQY,LLFGKPVYV,True,"[0, 0, 0]","[0, 0, 0, 0, 0]","[0, 0, 0, 0, 0]","[0, 0, 0, 0, 0]","[0, 0, 0, 0, 0]",[0],[0]
AVNFGGGKLI,ASSLSFGTEAF,ELAGIGILTV,True,"[0, 0, 0]","[0, 0, 0, 0, 0]","[0, 0, 0, 0, 0]","[0, 0, 0, 0, 0]","[0, 0, 0, 0, 0]",[0],[0]
AGAGSQGNLI,ASSSRASYEQY,GILGFVFTL,True,"[0, 0, 0]","[0, 0, 0, 0, 0]","[0, 0, 0, 0, 0]","[0, 0, 0, 0, 0]","[0, 0, 0, 0, 0]",[0],[0]
AVSNYNVLY,ASSQEPGGYAEQF,YGFRNVVHI,True,"[0, 0, 0]","[0, 0, 0, 0, 0]","[0, 0, 0, 0, 0]","[0, 0, 0, 0, 0]","[0, 0, 0, 0, 0]",[0],[0]
AVNSPGSGAGSYQLT,ASSVGTYSTDTQY,LRVMMLAPF,True,"[0, 0, 0]","[0, 0, 0, 0, 0]","[0, 0, 0, 0, 0]","[0, 0, 0, 0, 0]","[0, 0, 0, 0, 0]",[0],[0]
AVQDLGTSGSRLT,ASSARSGELF,HPVGEADYFEY,True,"[0, 0, 0]","[0, 0, 0, 0, 0]","[0, 0, 0, 0, 0]","[0, 0, 0, 0, 0]","[0, 0, 0, 0, 0]",[0],[0]
VVNAHSGAGSYQLT,ASSETGGYEQY,NYNYLYRLF,True,"[0, 0, 0]","[0, 0, 0, 0, 0]","[0, 0, 0, 0, 0]","[0, 0, 0, 0, 0]","[0, 0, 0, 0, 0]",[0],[0]
AALYGNEKIT,ASSDAGGRNTLY,KAPFNFATM,True,"[0, 0, 0]","[0, 0, 0, 0, 0]","[0, 0, 0, 0, 0]","[0, 0, 0, 0, 0]","[0, 0, 0, 0, 0]",[0],[0]
AVSGFASALT,ASGGGGTLY,EQYKFYSV,True,"[0, 0, 0]","[0, 0, 0, 0, 0]","[0, 0, 0, 0, 0]","[0, 0, 0, 0, 0]","[0, 0, 0, 0, 0]",[0],[0]
AVSAKGTGSKLS,ASSDAPGQLY,QLSDVPMDL,True,"[0, 0, 0]","[0, 0, 0, 0, 0]","[0, 0, 0, 0, 0]","[0, 0, 0, 0, 0]","[0, 0, 0, 0, 0]",[0],[0]
AVSLGTGAGSYQLT,ASSVGLYSTDTQY,TRLALIAPK,True,"[0, 0, 0]","[0, 0, 0, 0, 0]","[0, 0, 0, 0, 0]","[0, 0, 0, 0, 0]","[0, 0, 0, 0, 0]",[0],[0]
AVQASGGSYIPT,ASSNRGLGTDTQY,GPQQSFPEQEA,True,"[0, 0, 0]","[0, 0, 0, 0, 0]","[0, 0, 0, 0, 0]","[0, 0, 0, 0, 0]","[0, 0, 0, 0, 0]",[0],[0]
ALFLASSSFSKLV,ASSDWVSYEQY,ALWGFFPVL,True,"[0, 0, 0]","[0, 0, 0, 0, 0]","[0, 0, 0, 0, 0]","[0, 0, 0, 0, 0]","[0, 0, 0, 0, 0]",[0],[0]
AVNVAGKST,AWSETGLGTGELF,LLLGIGILVL,True,"[0, 0, 0]","[0, 0, 0, 0, 0]","[0, 0, 0, 0, 0]","[0, 0, 0, 0, 0]","[0, 0, 0, 0, 0]",[0],[0]
AMRGDSSYKLI,ASSLWEKLAKNIQY,RQWGPDPAAV,True,"[0, 0, 0]","[0, 0, 0, 0, 0]","[0, 0, 0, 0, 0]","[0, 0, 0, 0, 0]","[0, 0, 0, 0, 0]",[0],[0]
AVNVAGKST,AWSETGLGTGELF,ELAGIGILTV,True,"[0, 0, 0]","[0, 0, 0, 0, 0]","[0, 0, 0, 0, 0]","[0, 0, 0, 0, 0]","[0, 0, 0, 0, 0]",[0],[0]
AASSGSWQLI,ASSLEGTVEETLY,VVGAVGVGK,True,"[0, 0, 0]","[0, 0, 0, 0, 0]","[0, 0, 0, 0, 0]","[0, 0, 0, 0, 0]","[0, 0, 0, 0, 0]",[0],[0]
AWGVNAGGTSYGKLT,ASSIGVYGYT,GILGFVFTL,True,"[0, 0, 0]","[0, 0, 0, 0, 0]","[0, 0, 0, 0, 0]","[0, 0, 0, 0, 0]","[0, 0, 0, 0, 0]",[0],[0]
AAVTGNTGKLI,ASSRGTIHSNTEVF,ASNENMETM,True,"[0, 0, 0]","[0, 0, 0, 0, 0]","[0, 0, 0, 0, 0]","[0, 0, 0, 0, 0]","[0, 0, 0, 0, 0]",[0],[0]
AVDSATALPYGYI,ASSYQGTEAF,ILAKFLHWL,True,"[0, 0, 0]","[0, 0, 0, 0, 0]","[0, 0, 0, 0, 0]","[0, 0, 0, 0, 0]","[0, 0, 0, 0, 0]",[0],[0]
ASPQGGSEKLV,ASSSGGWGGGTEAF,APFSEQEQPVLG,True,"[0, 0, 0]","[0, 0, 0, 0, 0]","[0, 0, 0, 0, 0]","[0, 0, 0, 0, 0]","[0, 0, 0, 0, 0]",[0],[0]
IVRGLNNAGNMLT,ASSLGIDAIY,TPQDLNTML,True,"[0, 0, 0]","[0, 0, 0, 0, 0]","[0, 0, 0, 0, 0]","[0, 0, 0, 0, 0]","[0, 0, 0, 0, 0]",[0],[0]
AVSGGGADGLT,ASSFLGTGVEQY,ALGIGILTV,True,"[0, 0, 0]","[0, 0, 0, 0, 0]","[0, 0, 0, 0, 0]","[0, 0, 0, 0, 0]","[0, 0, 0, 0, 0]",[0],[0]
ALSGFNNAGNMLT,ASSLGGAGGADTQY,RLQSLQTYV,True,"[0, 0, 0]","[0, 0, 0, 0, 0]","[0, 0, 0, 0, 0]","[0, 0, 0, 0, 0]","[0, 0, 0, 0, 0]",[0],[0]
AGGTGNQFY,AISEVGVGQPQH,AAGIGILTV,True,"[0, 0, 0]","[0, 0, 0, 0, 0]","[0, 0, 0, 0, 0]","[0, 0, 0, 0, 0]","[0, 0, 0, 0, 0]",[0],[0]
AALIQGAQKLV,ASTYHGTGY,GELIGTLNAAKVPAD,True,"[0, 0, 0]","[0, 0, 0, 0, 0]","[0, 0, 0, 0, 0]","[0, 0, 0, 0, 0]","[0, 0, 0, 0, 0]",[0],[0]
AGAGSQGNLI,ASSSRSSYEQY,GILGFVFTL,True,"[0, 0, 0]","[0, 0, 0, 0, 0]","[0, 0, 0, 0, 0]","[0, 0, 0, 0, 0]","[0, 0, 0, 0, 0]",[0],[0]
AFKAAGNKLT,ASSGLAGGMDEQF,RFYKTLRAEQASQ,True,"[0, 0, 0]","[0, 0, 0, 0, 0]","[0, 0, 0, 0, 0]","[0, 0, 0, 0, 0]","[0, 0, 0, 0, 0]",[0],[0]
AVRMDSSYKLI,ASSSWDTGELF,RYPLTFGWCF,True,"[0, 0, 0]","[0, 0, 0, 0, 0]","[0, 0, 0, 0, 0]","[0, 0, 0, 0, 0]","[0, 0, 0, 0, 0]",[0],[0]
AEPSGNTGKLI,ASSLHHEQY,LWMRLLPLL,True,"[0, 0, 0]","[0, 0, 0, 0, 0]","[0, 0, 0, 0, 0]","[0, 0, 0, 0, 0]","[0, 0, 0, 0, 0]",[0],[0]
AVTTDSWGKLQ,ASRPGLAGGRPEQY,LLFGPVYV,True,"[0, 0, 0]","[0, 0, 0, 0, 0]","[0, 0, 0, 0, 0]","[0, 0, 0, 0, 0]","[0, 0, 0, 0, 0]",[0],[0]
AFDTNAGKST,ASSIFGQREQY,GILGFVFTL,True,"[0, 0, 0]","[0, 0, 0, 0, 0]","[0, 0, 0, 0, 0]","[0, 0, 0, 0, 0]","[0, 0, 0, 0, 0]",[0],[0]
AVGAGSNYQLI,ASSLEGQGASEQF,APMPMPELPYP,True,"[0, 0, 0]","[0, 0, 0, 0, 0]","[0, 0, 0, 0, 0]","[0, 0, 0, 0, 0]","[0, 0, 0, 0, 0]",[0],[0]
IGGGTTSGTYKYI,ASSLGFGRDVMR,RMFPNAPYL,True,"[0, 0, 0]","[0, 0, 0, 0, 0]","[0, 0, 0, 0, 0]","[0, 0, 0, 0, 0]","[0, 0, 0, 0, 0]",[0],[0]
AVSAKGTGSKLS,ASSDAPGQLY,QPAEGGFQL,True,"[0, 0, 0]","[0, 0, 0, 0, 0]","[0, 0, 0, 0, 0]","[0, 0, 0, 0, 0]","[0, 0, 0, 0, 0]",[0],[0]
ILPLAGGTSYGKLT,ASSLGQAYEQY,FLRGRAYGL,True,"[0, 0, 0]","[0, 0, 0, 0, 0]","[0, 0, 0, 0, 0]","[0, 0, 0, 0, 0]","[0, 0, 0, 0, 0]",[0],[0]
AVRMDSSYKLI,ASSSWDTGELF,RYPLTLGWCF,True,"[0, 0, 0]","[0, 0, 0, 0, 0]","[0, 0, 0, 0, 0]","[0, 0, 0, 0, 0]","[0, 0, 0, 0, 0]",[0],[0]
AMSVPSGDGSYQFT,ASKVGPGQHNSPLH,VVVGAGGVGK,True,"[0, 0, 0]","[0, 0, 0, 0, 0]","[0, 0, 0, 0, 0]","[0, 0, 0, 0, 0]","[0, 0, 0, 0, 0]",[0],[0]
AVGFTGGGNKLT,ASSDRDRVPETQY,RFPLTFGW,True,"[0, 0, 0]","[0, 0, 0, 0, 0]","[0, 0, 0, 0, 0]","[0, 0, 0, 0, 0]","[0, 0, 0, 0, 0]",[0],[0]
AGAGSQGNLI,ASSSRSSYEQY,GILGFVFTL,True,"[0, 0, 0]","[0, 0, 0, 0, 0]","[0, 0, 0, 0, 0]","[0, 0, 0, 0, 0]","[0, 0, 0, 0, 0]",[0],[0]
ASSGNTPLV,ASTWGRASTDTQY,RLQSLQTYV,True,"[0, 0, 0]","[0, 0, 0, 0, 0]","[0, 0, 0, 0, 0]","[0, 0, 0, 0, 0]","[0, 0, 0, 0, 0]",[0],[0]
AATGSFNKLT,ASGGQGRAEQF,GNSHRGAIEWEGIESG,True,"[0, 0, 0]","[0, 0, 0, 0, 0]","[0, 0, 0, 0, 0]","[0, 0, 0, 0, 0]","[0, 0, 0, 0, 0]",[0],[0]
AFKAAGNKLT,ASSRLAGGMDEQF,RFYKTLRAEQASQ,True,"[0, 0, 0]","[0, 0, 0, 0, 0]","[0, 0, 0, 0, 0]","[0, 0, 0, 0, 0]","[0, 0, 0, 0, 0]",[0],[0]
AGAGSQGNLI,ASSSRSSYEQY,GILGLVFTL,True,"[0, 0, 0]","[0, 0, 0, 0, 0]","[0, 0, 0, 0, 0]","[0, 0, 0, 0, 0]","[0, 0, 0, 0, 0]",[0],[0]
AVSAKGTGSKLS,ASSDAPGQLY,MPAGRPWDL,True,"[0, 0, 0]","[0, 0, 0, 0, 0]","[0, 0, 0, 0, 0]","[0, 0, 0, 0, 0]","[0, 0, 0, 0, 0]",[0],[0]
AMRGDSSYKLI,ASSLWEKLAKNIQY,RQFGPDFPTI,True,"[0, 0, 0]","[0, 0, 0, 0, 0]","[0, 0, 0, 0, 0]","[0, 0, 0, 0, 0]","[0, 0, 0, 0, 0]",[0],[0]
ALSGPSGAGSYQLT,ASSYGPGQHNSPLH,VVVGADGVGK,True,"[0, 0, 0]","[0, 0, 0, 0, 0]","[0, 0, 0, 0, 0]","[0, 0, 0, 0, 0]","[0, 0, 0, 0, 0]",[0],[0]
AVSGFASALT,ASGGGGTLY,EQYKFYSV,True,"[0, 0, 0]","[0, 0, 0, 0, 0]","[0, 0, 0, 0, 0]","[0, 0, 0, 0, 0]","[0, 0, 0, 0, 0]",[0],[0]
ALSDPVNDMR,ASSLRGRGDQPQH,HSKKKCDEL,True,"[0, 0, 0]","[0, 0, 0, 0, 0]","[0, 0, 0, 0, 0]","[0, 0, 0, 0, 0]","[0, 0, 0, 0, 0]",[0],[0]
AVRDINSGAGSYQLT,SVGGSGGADTQY,SLLMWITQV,True,"[0, 0, 0]","[0, 0, 0, 0, 0]","[0, 0, 0, 0, 0]","[0, 0, 0, 0, 0]","[0, 0, 0, 0, 0]",[0],[0]
ILSGGSNYKLT,ASSFGREQY,SSLCNFRAYV,True,"[0, 0, 0]","[0, 0, 0, 0, 0]","[0, 0, 0, 0, 0]","[0, 0, 0, 0, 0]","[0, 0, 0, 0, 0]",[0],[0]
AVNRDDKII,ASSPDIEQY,YLQPRTFLL,True,"[0, 0, 0]","[0, 0, 0, 0, 0]","[0, 0, 0, 0, 0]","[0, 0, 0, 0, 0]","[0, 0, 0, 0, 0]",[0],[0]
AMRGDSSYKLI,ASSLWEKLAKNIQY,RQFGPDWIVA,True,"[0, 0, 0]","[0, 0, 0, 0, 0]","[0, 0, 0, 0, 0]","[0, 0, 0, 0, 0]","[0, 0, 0, 0, 0]",[0],[0]
AVNFGGGKLI,ASSWSFGTEAF,AAGIGILTV,True,"[0, 0, 0]","[0, 0, 0, 0, 0]","[0, 0, 0, 0, 0]","[0, 0, 0, 0, 0]","[0, 0, 0, 0, 0]",[0],[0]
AVNDGGRLT,AWSETGLGMGGWQ,ELAGIGILTV,True,"[0, 0, 0]","[0, 0, 0, 0, 0]","[0, 0, 0, 0, 0]","[0, 0, 0, 0, 0]","[0, 0, 0, 0, 0]",[0],[0]
AVSAKGTGSKLS,ASSDAPGQLY,VPYMAEFGM,True,"[0, 0, 0]","[0, 0, 0, 0, 0]","[0, 0, 0, 0, 0]","[0, 0, 0, 0, 0]","[0, 0, 0, 0, 0]",[0],[0]
ALSGFYNTDKLI,ASPGETEAF,LPEPLPQGQLTAY,True,"[0, 0, 0]","[0, 0, 0, 0, 0]","[0, 0, 0, 0, 0]","[0, 0, 0, 0, 0]","[0, 0, 0, 0, 0]",[0],[0]
AEPSGNTGKLI,ASSLHHEQY,QLPRLFPLL,True,"[0, 0, 0]","[0, 0, 0, 0, 0]","[0, 0, 0, 0, 0]","[0, 0, 0, 0, 0]","[0, 0, 0, 0, 0]",[0],[0]
AAEPSSGQKLV,ASSLNNANSDYT,ADLIAYLEQATKG,True,"[0, 0, 0]","[0, 0, 0, 0, 0]","[0, 0, 0, 0, 0]","[0, 0, 0, 0, 0]","[0, 0, 0, 0, 0]",[0],[0]
AVTNQAGTALI,ASSYSIRGSRGEQF,RLPAKAPLLGCG,True,"[0, 0, 0]","[0, 0, 0, 0, 0]","[0, 0, 0, 0, 0]","[0, 0, 0, 0, 0]","[0, 0, 0, 0, 0]",[0],[0]
AMRGDYGGSGNKLI,TCSADRVGNTLY,RGYVYQGL,True,"[0, 0, 0]","[0, 0, 0, 0, 0]","[0, 0, 0, 0, 0]","[0, 0, 0, 0, 0]","[0, 0, 0, 0, 0]",[0],[0]
AVSEQDDKII,ATSDESYGYT,PKYVKQNTLKLAR,True,"[0, 0, 0]","[0, 0, 0, 0, 0]","[0, 0, 0, 0, 0]","[0, 0, 0, 0, 0]","[0, 0, 0, 0, 0]",[0],[0]
IVSHNAGNMLT,ASSLERETQY,GQVELGGGPGAESCQ,True,"[0, 0, 0]","[0, 0, 0, 0, 0]","[0, 0, 0, 0, 0]","[0, 0, 0, 0, 0]","[0, 0, 0, 0, 0]",[0],[0]
AYGEDDKII,ASRRGSAELY,KLVALGINAV,True,"[0, 0, 0]","[0, 0, 0, 0, 0]","[0, 0, 0, 0, 0]","[0, 0, 0, 0, 0]","[0, 0, 0, 0, 0]",[0],[0]
AEDNNARLM,SARDGTGNGYT,GLCTLVAML,True,"[0, 0, 0]","[0, 0, 0, 0, 0]","[0, 0, 0, 0, 0]","[0, 0, 0, 0, 0]","[0, 0, 0, 0, 0]",[0],[0]
LVGGLARDMR,SVALGSDTGELF,QPFPQPEQPFPGS,True,"[0, 0, 0]","[0, 0, 0, 0, 0]","[0, 0, 0, 0, 0]","[0, 0, 0, 0, 0]","[0, 0, 0, 0, 0]",[0],[0]
ASSGNTPLV,ASTWGRASTDTQY,RLQSLQIYV,True,"[0, 0, 0]","[0, 0, 0, 0, 0]","[0, 0, 0, 0, 0]","[0, 0, 0, 0, 0]","[0, 0, 0, 0, 0]",[0],[0]
ALFLASSSFSKLV,ASSDWVSYEQY,ALWGFFPVL,True,"[0, 0, 0]","[0, 0, 0, 0, 0]","[0, 0, 0, 0, 0]","[0, 0, 0, 0, 0]","[0, 0, 0, 0, 0]",[0],[0]
AALYGNEKIT,ASSDAGGRNTLY,KAPYDYAPI,True,"[0, 0, 0]","[0, 0, 0, 0, 0]","[0, 0, 0, 0, 0]","[0, 0, 0, 0, 0]","[0, 0, 0, 0, 0]",[0],[0]
AVNFGGGKLI,ASSWSFGTEAF,ELAGIGILTV,True,"[0, 0, 0]","[0, 0, 0, 0, 0]","[0, 0, 0, 0, 0]","[0, 0, 0, 0, 0]","[0, 0, 0, 0, 0]",[0],[0]
AGGGGADGLT,ASSQGLAGAGELF,ELAGIGILTV,True,"[0, 0, 0]","[0, 0, 0, 0, 0]","[0, 0, 0, 0, 0]","[0, 0, 0, 0, 0]","[0, 0, 0, 0, 0]",[0],[0]
AVRPLLDGTYIPT,ASSYLGNTGELF,SLLMWITQC,True,"[0, 0, 0]","[0, 0, 0, 0, 0]","[0, 0, 0, 0, 0]","[0, 0, 0, 0, 0]","[0, 0, 0, 0, 0]",[0],[0]
AVGGNDWNTDKLI,ASSPLDVSISSYNEQF,SLSKILDTV,True,"[0, 0, 0]","[0, 0, 0, 0, 0]","[0, 0, 0, 0, 0]","[0, 0, 0, 0, 0]","[0, 0, 0, 0, 0]",[0],[0]
AVSGFASALT,ASGGGGTLY,QLSPFPFDL,True,"[0, 0, 0]","[0, 0, 0, 0, 0]","[0, 0, 0, 0, 0]","[0, 0, 0, 0, 0]","[0, 0, 0, 0, 0]",[0],[0]
AVTLNNNAGNMLT,ASSVGGTEAF,TSTLQEQIGW,True,"[0, 0, 0]","[0, 0, 0, 0, 0]","[0, 0, 0, 0, 0]","[0, 0, 0, 0, 0]","[0, 0, 0, 0, 0]",[0],[0]
AASVRNYKYV,ASSRQGQNTLY,LQTLALEVEDDPC,True,"[0, 0, 0]","[0, 0, 0, 0, 0]","[0, 0, 0, 0, 0]","[0, 0, 0, 0, 0]","[0, 0, 0, 0, 0]",[0],[0]
AALRATGGNNKLT,ASSLNWSQDTQY,YVVVPD,True,"[0, 0, 0]","[0, 0, 0, 0, 0]","[0, 0, 0, 0, 0]","[0, 0, 0, 0, 0]","[0, 0, 0, 0, 0]",[0],[0]
AVQDLGTSGSRLT,ASSARSGELF,HPVGEADYFEY,True,"[0, 0, 0]","[0, 0, 0, 0, 0]","[0, 0, 0, 0, 0]","[0, 0, 0, 0, 0]","[0, 0, 0, 0, 0]",[0],[0]
IVRVAIEGSQGNLI,ASSLRRGDTIY,GQVELGGGTPIESC,True,"[0, 0, 0]","[0, 0, 0, 0, 0]","[0, 0, 0, 0, 0]","[0, 0, 0, 0, 0]","[0, 0, 0, 0, 0]",[0],[0]
IVSHNAGNMLT,ASSLERETQY,GQVELGGGSSPETCI,True,"[0, 0, 0]","[0, 0, 0, 0, 0]","[0, 0, 0, 0, 0]","[0, 0, 0, 0, 0]","[0, 0, 0, 0, 0]",[0],[0]
AYGEDDKII,ASRRGPYEQY,KLVALGINAV,True,"[0, 0, 0]","[0, 0, 0, 0, 0]","[0, 0, 0, 0, 0]","[0, 0, 0, 0, 0]","[0, 0, 0, 0, 0]",[0],[0]
AVTKYSWGKLQ,ASRPGWMAGGVELY,ELAGIGILTV,True,"[0, 0, 0]","[0, 0, 0, 0, 0]","[0, 0, 0, 0, 0]","[0, 0, 0, 0, 0]","[0, 0, 0, 0, 0]",[0],[0]
AVNFGGGKLI,ASSLSFGTEAF,MMWDRGLGMM,True,"[0, 0, 0]","[0, 0, 0, 0, 0]","[0, 0, 0, 0, 0]","[0, 0, 0, 0, 0]","[0, 0, 0, 0, 0]",[0],[0]
AVRPGGAGPFFVV,ASSFNMATGQY,EVDPIGHLY,True,"[0, 0, 0]","[0, 0, 0, 0, 0]","[0, 0, 0, 0, 0]","[0, 0, 0, 0, 0]","[0, 0, 0, 0, 0]",[0],[0]
AVSAKGTGSKLS,ASSDAPGQLY,SPLDSLWWI,True,"[0, 0, 0]","[0, 0, 0, 0, 0]","[0, 0, 0, 0, 0]","[0, 0, 0, 0, 0]","[0, 0, 0, 0, 0]",[0],[0]
AVTTDSWGKLQ,ASRPGLAGGRPEQY,MLWGYLQYV,True,"[0, 0, 0]","[0, 0, 0, 0, 0]","[0, 0, 0, 0, 0]","[0, 0, 0, 0, 0]","[0, 0, 0, 0, 0]",[0],[0]
AVQDLGTSGSRLT,ASSARSGELF,HPVGQADYFEY,True,"[0, 0, 0]","[0, 0, 0, 0, 0]","[0, 0, 0, 0, 0]","[0, 0, 0, 0, 0]","[0, 0, 0, 0, 0]",[0],[0]
AASASFGDNSKLI,ASSLGHTEVF,RGPGRAFVTI,True,"[0, 0, 0]","[0, 0, 0, 0, 0]","[0, 0, 0, 0, 0]","[0, 0, 0, 0, 0]","[0, 0, 0, 0, 0]",[0],[0]
AASSSAGGTSYGKLT,ASRPRDPVTQY,LQPLALEGSLQKRG,True,"[0, 0, 0]","[0, 0, 0, 0, 0]","[0, 0, 0, 0, 0]","[0, 0, 0, 0, 0]","[0, 0, 0, 0, 0]",[0],[0]
AALIQGAQKLV,ASTYHGTGY,GELIGILNAAKVPAD,True,"[0, 0, 0]","[0, 0, 0, 0, 0]","[0, 0, 0, 0, 0]","[0, 0, 0, 0, 0]","[0, 0, 0, 0, 0]",[0],[0]
IAFQGAQKLV,ASSFRALAADTQY,AVVQSELPYPEGS,True,"[0, 0, 0]","[0, 0, 0, 0, 0]","[0, 0, 0, 0, 0]","[0, 0, 0, 0, 0]","[0, 0, 0, 0, 0]",[0],[0]
ALSDSGSFNKLT,ASSLDWGGQNTLY,GGYAPAKAAAT,True,"[0, 0, 0]","[0, 0, 0, 0, 0]","[0, 0, 0, 0, 0]","[0, 0, 0, 0, 0]","[0, 0, 0, 0, 0]",[0],[0]
AVRTNSGYALN,ASSDTVSYEQY,SLYNTVATL,True,"[0, 0, 0]","[0, 0, 0, 0, 0]","[0, 0, 0, 0, 0]","[0, 0, 0, 0, 0]","[0, 0, 0, 0, 0]",[0],[0]
LVGDTGFQKLV,SARDPGGGGSSYEQY,TGLAWEWWRTVY,True,"[0, 0, 0]","[0, 0, 0, 0, 0]","[0, 0, 0, 0, 0]","[0, 0, 0, 0, 0]","[0, 0, 0, 0, 0]",[0],[0]
ALSENYGNEKIT,ASGDASGAETLY,RGGASQYRPSQ,True,"[0, 0, 0]","[0, 0, 0, 0, 0]","[0, 0, 0, 0, 0]","[0, 0, 0, 0, 0]","[0, 0, 0, 0, 0]",[0],[0]
AMRDLRDNFNKFY,ASREGLGGTEAF,KRWIIMGLNK,True,"[0, 0, 0]","[0, 0, 0, 0, 0]","[0, 0, 0, 0, 0]","[0, 0, 0, 0, 0]","[0, 0, 0, 0, 0]",[0],[0]
AALRATGGNNKLT,ASSLNWSQDTQY,ADLIAYLKQATKG,True,"[0, 0, 0]","[0, 0, 0, 0, 0]","[0, 0, 0, 0, 0]","[0, 0, 0, 0, 0]","[0, 0, 0, 0, 0]",[0],[0]
AMRDLRDNFNKFY,ASREGLGGTEAF,KRWIILGLNK,True,"[0, 0, 0]","[0, 0, 0, 0, 0]","[0, 0, 0, 0, 0]","[0, 0, 0, 0, 0]","[0, 0, 0, 0, 0]",[0],[0]
AVLSPVQETSGSRLT,ASSVGLFSTDTQY,LRVMMLAPF,True,"[0, 0, 0]","[0, 0, 0, 0, 0]","[0, 0, 0, 0, 0]","[0, 0, 0, 0, 0]","[0, 0, 0, 0, 0]",[0],[0]
AASFIIQGAQKLV,ASSLLGGWSEAF,GILGFVFTL,True,"[0, 0, 0]","[0, 0, 0, 0, 0]","[0, 0, 0, 0, 0]","[0, 0, 0, 0, 0]","[0, 0, 0, 0, 0]",[0],[0]
AVTTDSWGKLQ,ASRPGLAGGRPEQY,LLFGPVYV,True,"[0, 0, 0]","[0, 0, 0, 0, 0]","[0, 0, 0, 0, 0]","[0, 0, 0, 0, 0]","[0, 0, 0, 0, 0]",[0],[0]
AVTNQAGTALI,ASSYSIRGSRGEQF,RLPAKAPLL,True,"[0, 0, 0]","[0, 0, 0, 0, 0]","[0, 0, 0, 0, 0]","[0, 0, 0, 0, 0]","[0, 0, 0, 0, 0]",[0],[0]
AVTTDSWGKLQ,ASRPGLMSAQPEQY,LLFGYPVYV,True,"[0, 0, 0]","[0, 0, 0, 0, 0]","[0, 0, 0, 0, 0]","[0, 0, 0, 0, 0]","[0, 0, 0, 0, 0]",[0],[0]
AVHTGARLM,ASSHGASTDTQY,APFSEQEQPVLG,True,"[0, 0, 0]","[0, 0, 0, 0, 0]","[0, 0, 0, 0, 0]","[0, 0, 0, 0, 0]","[0, 0, 0, 0, 0]",[0],[0]
ALSDSSSFSKLV,ASSLDWASQNTLY,GGYRAPAKAAAT,True,"[0, 0, 0]","[0, 0, 0, 0, 0]","[0, 0, 0, 0, 0]","[0, 0, 0, 0, 0]","[0, 0, 0, 0, 0]",[0],[0]
AASANSGTYQR,ASGDAGGGYEQY,SRGGASQYRPSQ,True,"[0, 0, 0]","[0, 0, 0, 0, 0]","[0, 0, 0, 0, 0]","[0, 0, 0, 0, 0]","[0, 0, 0, 0, 0]",[0],[0]
ILSGGSNYKLT,ASSFGREQY,SSLENFRAYV,True,"[0, 0, 0]","[0, 0, 0, 0, 0]","[0, 0, 0, 0, 0]","[0, 0, 0, 0, 0]","[0, 0, 0, 0, 0]",[0],[0]
ALSENYGNEKIT,ASGDASGGNTLY,RGGASQYRPSQ,True,"[0, 0, 0]","[0, 0, 0, 0, 0]","[0, 0, 0, 0, 0]","[0, 0, 0, 0, 0]","[0, 0, 0, 0, 0]",[0],[0]
IVVRSSNTGKLI,ASSQDRDTQY,VMAPRTLIL,True,"[0, 0, 0]","[0, 0, 0, 0, 0]","[0, 0, 0, 0, 0]","[0, 0, 0, 0, 0]","[0, 0, 0, 0, 0]",[0],[0]
AGAIGPSNTGKLI,ASSIRSSYEQY,GILGFVFTL,True,"[0, 0, 0]","[0, 0, 0, 0, 0]","[0, 0, 0, 0, 0]","[0, 0, 0, 0, 0]","[0, 0, 0, 0, 0]",[0],[0]
AVNDGGRLT,AWSETGLGMGGWQ,ELAAIGILTV,True,"[0, 0, 0]","[0, 0, 0, 0, 0]","[0, 0, 0, 0, 0]","[0, 0, 0, 0, 0]","[0, 0, 0, 0, 0]",[0],[0]
AVTNQAGTALI,ASSYSIRGSRGEQF,RLPAKAPL,True,"[0, 0, 0]","[0, 0, 0, 0, 0]","[0, 0, 0, 0, 0]","[0, 0, 0, 0, 0]","[0, 0, 0, 0, 0]",[0],[0]
VVNHSGGSYIPT,ASSFLMTSGDPYEQY,GVYDGREHTV,True,"[0, 0, 0]","[0, 0, 0, 0, 0]","[0, 0, 0, 0, 0]","[0, 0, 0, 0, 0]","[0, 0, 0, 0, 0]",[0],[0]
AVSNFNKFY,ASSVATYSTDTQY,GQVMVVAPR,True,"[0, 0, 0]","[0, 0, 0, 0, 0]","[0, 0, 0, 0, 0]","[0, 0, 0, 0, 0]","[0, 0, 0, 0, 0]",[0],[0]
AQLNQAGTALI,ASSYGTGINYGYT,QASQEVKNW,True,"[0, 0, 0]","[0, 0, 0, 0, 0]","[0, 0, 0, 0, 0]","[0, 0, 0, 0, 0]","[0, 0, 0, 0, 0]",[0],[0]
AAMEGAQKLV,ASSYPGGGFYEQY,LLFGYPVYV,True,"[0, 0, 0]","[0, 0, 0, 0, 0]","[0, 0, 0, 0, 0]","[0, 0, 0, 0, 0]","[0, 0, 0, 0, 0]",[0],[0]
AVNFGGGKLI,ASSWSFGTEAF,ELAGIGILTV,True,"[0, 0, 0]","[0, 0, 0, 0, 0]","[0, 0, 0, 0, 0]","[0, 0, 0, 0, 0]","[0, 0, 0, 0, 0]",[0],[0]
ATDGSTPMQ,ASSWGAPYEQY,YLEPGPVTV,True,"[0, 0, 0]","[0, 0, 0, 0, 0]","[0, 0, 0, 0, 0]","[0, 0, 0, 0, 0]","[0, 0, 0, 0, 0]",[0],[0]
AMREDTGNQFY,ASSFTWTSGGATDTQY,FLRGRAYGL,True,"[0, 0, 0]","[0, 0, 0, 0, 0]","[0, 0, 0, 0, 0]","[0, 0, 0, 0, 0]","[0, 0, 0, 0, 0]",[0],[0]
AVGGGSNYQLI,ASSRTGSTYEQY,LPEPLPQGQLTAY,True,"[0, 0, 0]","[0, 0, 0, 0, 0]","[0, 0, 0, 0, 0]","[0, 0, 0, 0, 0]","[0, 0, 0, 0, 0]",[0],[0]
AASEGSGSWQLI,ASSAGLDAEQY,ASNENMETM,True,"[0, 0, 0]","[0, 0, 0, 0, 0]","[0, 0, 0, 0, 0]","[0, 0, 0, 0, 0]","[0, 0, 0, 0, 0]",[0],[0]
AVTTDRSGKLQ,ASRPGAAGGRPELY,LLFGYPVYV,True,"[0, 0, 0]","[0, 0, 0, 0, 0]","[0, 0, 0, 0, 0]","[0, 0, 0, 0, 0]","[0, 0, 0, 0, 0]",[0],[0]
AMRGDYGGSGNKLI,TCSADRVGNTLY,INFDFNTI,True,"[0, 0, 0]","[0, 0, 0, 0, 0]","[0, 0, 0, 0, 0]","[0, 0, 0, 0, 0]","[0, 0, 0, 0, 0]",[0],[0]
AASETSGSWQLI,ASSRDLGRDTQY,ASNENMETM,True,"[0, 0, 0]","[0, 0, 0, 0, 0]","[0, 0, 0, 0, 0]","[0, 0, 0, 0, 0]","[0, 0, 0, 0, 0]",[0],[0]
ALGDPTGANTGKLT,TCSAGRGGYAEQF,HPGSVNEFDF,True,"[0, 0, 0]","[0, 0, 0, 0, 0]","[0, 0, 0, 0, 0]","[0, 0, 0, 0, 0]","[0, 0, 0, 0, 0]",[0],[0]
VVQPGGYQKVT,ASSEGLWQVGDEQY,HMTEVVRHC,True,"[0, 0, 0]","[0, 0, 0, 0, 0]","[0, 0, 0, 0, 0]","[0, 0, 0, 0, 0]","[0, 0, 0, 0, 0]",[0],[0]
AVSNFNKFY,ASSVATYSTDTQY,TRLALIAPK,True,"[0, 0, 0]","[0, 0, 0, 0, 0]","[0, 0, 0, 0, 0]","[0, 0, 0, 0, 0]","[0, 0, 0, 0, 0]",[0],[0]
AVSESPFGNEKLT,ASSSTGLPYGYT,PKYVKQNTLKLAT,True,"[0, 0, 0]","[0, 0, 0, 0, 0]","[0, 0, 0, 0, 0]","[0, 0, 0, 0, 0]","[0, 0, 0, 0, 0]",[0],[0]
AVTTDSWGKLQ,ASRPGLAGGRPEQY,LLFGFPVYV,True,"[0, 0, 0]","[0, 0, 0, 0, 0]","[0, 0, 0, 0, 0]","[0, 0, 0, 0, 0]","[0, 0, 0, 0, 0]",[0],[0]
ARNTGNQFY,ASSPVTGGIYGYT,NLVPMVATV,True,"[0, 0, 0]","[0, 0, 0, 0, 0]","[0, 0, 0, 0, 0]","[0, 0, 0, 0, 0]","[0, 0, 0, 0, 0]",[0],[0]
ALSPSNTNKVV,ASSLDWGVNTLY,GGYRAPAKAAAT,True,"[0, 0, 0]","[0, 0, 0, 0, 0]","[0, 0, 0, 0, 0]","[0, 0, 0, 0, 0]","[0, 0, 0, 0, 0]",[0],[0]
AMSVPSGDGSYQFT,ASKVGPGQHNSPLH,VVVGADGVGK,True,"[0, 0, 0]","[0, 0, 0, 0, 0]","[0, 0, 0, 0, 0]","[0, 0, 0, 0, 0]","[0, 0, 0, 0, 0]",[0],[0]
IAFQGAQKLV,ASSFRALAADTQY,APQPELPYPQPGS,True,"[0, 0, 0]","[0, 0, 0, 0, 0]","[0, 0, 0, 0, 0]","[0, 0, 0, 0, 0]","[0, 0, 0, 0, 0]",[0],[0]
AVNDGGRLT,AWSETGLGMGGWQ,ELAGIGALTV,True,"[0, 0, 0]","[0, 0, 0, 0, 0]","[0, 0, 0, 0, 0]","[0, 0, 0, 0, 0]","[0, 0, 0, 0, 0]",[0],[0]
AVQDLGTSGSRLT,ASSARSGELF,HPVGEADYFEY,True,"[0, 0, 0]","[0, 0, 0, 0, 0]","[0, 0, 0, 0, 0]","[0, 0, 0, 0, 0]","[0, 0, 0, 0, 0]",[0],[0]
AVRPTSGGSYIPT,ASSYVGNTGELF,SLLMWITQV,True,"[0, 0, 0]","[0, 0, 0, 0, 0]","[0, 0, 0, 0, 0]","[0, 0, 0, 0, 0]","[0, 0, 0, 0, 0]",[0],[0]
AVDSATSGTYKYI,ASSYQGTEAF,ILAKFLHWL,True,"[0, 0, 0]","[0, 0, 0, 0, 0]","[0, 0, 0, 0, 0]","[0, 0, 0, 0, 0]","[0, 0, 0, 0, 0]",[0],[0]
AVTTDSWGKLQ,ASRPGLAGGRPEQY,LLFGYPVYV,True,"[0, 0, 0]","[0, 0, 0, 0, 0]","[0, 0, 0, 0, 0]","[0, 0, 0, 0, 0]","[0, 0, 0, 0, 0]",[0],[0]
