,ref.pdb,lab.resolution,tcr.a.cdr3.aa,tcr.b.cdr3.aa,epi.aa,lab.binder
0,1KJ2,2.71,AARYQGGRALI,TCSAAPDWGASAETLY,KVITFIDL,1
1,5NMG,2.75,AVRTNSGYALN,ASSDTVSYEQY,SLFNTIAVL,1
2,4G8G,2.4,AMRDLRDNFNKFY,ASREGLGGTEAF,KRWIILGLNK,1
3,5JZI,2.5,AYGEDDKII,ASRRGPYEQY,KLVALGINAV,1
4,3SJV,3.1,VVRAGKLI,ASGQGNFDIQY,FLRGRAYGL,1
5,7N6E,3.2,VVNRNNDMR,AGQVTNTGELF,YLQPRTFLL,1
6,3W0W,2.603,GTYNQGGKLI,ASSGASHEQY,RFPLTFGWCF,1
7,2PXY,2.23,ALSENYGNEKIT,ASGDASGAETLY,RGGASQYRPSQ,1
8,5M02,1.75,AALYGNEKIT,ASSDAGGRNTLY,KAPFNFATM,1
9,1NAM,2.7,AMRGDYGGSGNKLI,TCSADRVGNTLY,RGYVYQGL,1
10,5E6I,4.0,AGPGGSSNTGKLI,ASSLIYPGELF,GILGFVFTL,1
11,4Z7V,2.65,ILRDSRAQKLV,ASSAGTSGEYEQY,SGEGSFQPSQENP,1
12,7N1E,2.3,ALSGFNNAGNMLT,ASSLGGAGGADTQY,RLQSLQTYV,1
13,7PHR,3.08,ATDGSTPMQ,ASSWGAPYEQY,YLEPGPVTV,1
14,2Z31,2.7,ALSENYGNEKIT,ASGDASGGNTLY,RGGASQYRPSQ,1
15,2IAN,2.8,AALIQGAQKLV,ASTYHGTGY,GELIGTLNAAKVPAD,1
16,6ZKW,2.26,AVTNQAGTALI,ASSYSIRGSRGEQF,RLPAKAPLL,1
17,4L3E,2.557,AVNFGGGKLI,ASSWSFGTEAF,ELAGIGILTV,1
18,8GVG,3.37,AVGFTGGGNKLT,ASSDRDRVPETQY,RFPLTFGW,1
19,4EUP,2.88,AVSGGGADGLT,ASSFLGTGVEQY,ALGIGILTV,1
20,7N2S,2.37,AVSLGTGAGSYQLT,ASSVGLYSTDTQY,TRLALIAPK,1
21,4MXQ,2.596,AVSAKGTGSKLS,ASSDAPGQLY,SPAPRPLDL,1
22,5HHO,2.95,AGAGSQGNLI,ASSIRSSYEQY,GILEFVFTL,1
23,3VXM,2.5,AVGAPSGAGSYQLT,ASSPTSGIYEQY,RFPLTFGWCF,1
24,1FYT,2.6,AVSESPFGNEKLT,ASSSTGLPYGYT,PKYVKQNTLKLAT,1
25,6VQO,3.0,AMSGLKEDSSYKLI,ASSIQQGADTQY,HMTEVVRHC,1
26,6V13,2.75,ALSPSNTNKVV,ASSLDWGVNTLY,GGYRAPAKAAAT,1
27,8F5A,1.95,AVTLNNNAGNMLT,ASSVGGTEAF,TSTLQEQIGW,1
28,3QDJ,2.3,AVNFGGGKLI,ASSLSFGTEAF,AAGIGILTV,1
29,6MTM,3.0,GTERSGGYQKVT,ASSMSAMGTEAF,FEDLRVLSF,1
30,2OL3,2.9,AMRGDYGGSGNKLI,TCSADRVGNTLY,SQYYYNSL,1
31,3MV8,2.1,AVQDLGTSGSRLT,ASSARSGELF,HPVGEADYFEY,1
32,3UTS,2.712,AMRGDSSYKLI,ASSLWEKLAKNIQY,ALWGPDPAAA,1
33,5E9D,2.51,AVTKYSWGKLQ,ASRPGWMAGGVELY,ELAGIGILTV,1
34,3TJH,2.12,AVSAKGTGSKLS,ASSDAPGQLY,SPLDSLWWI,1
35,7T2D,3.4,ALSGSARQLT,ASSHREGETQY,ATGLAWEWWRTVYE,1
36,5ISZ,2.06,AFDTNAGKST,ASSIFGQREQY,GILGFVFTL,1
37,5NMF,2.89,AVRTNSGYALN,ASSDTVSYEQY,SLYNTIATL,1
38,4OZG,3.0,IVLGGADGLT,ASSFRFTDTQY,APQPELPYPQPG,1
39,4G9F,1.9,AMRDLRDNFNKFY,ASREGLGGTEAF,KRWIIMGLNK,1
40,3UTT,2.6,AMRGDSSYKLI,ASSLWEKLAKNIQY,ALWGPDPAAA,1
41,4E41,2.6,AVDRGSTLGRLY,ASSQIRETQY,GELIGILNAAKVPAD,1
42,6AVF,2.028,LVGEILDNFNKFY,ASSQRQEGDTQY,APRGPHGGAASGL,1
43,7Q9A,2.1,AVNVAGKST,AWSETGLGTGELF,LLLGIGILVL,1
44,3TPU,3.1,AVSAKGTGSKLS,ASSDAPGQLY,FLSPFWFDI,1
45,5C07,2.11,AMRGDSSYKLI,ASSLWEKLAKNIQY,YQFGPDFPIA,1
46,7N2R,2.28,AVSNFNKFY,ASSVATYSTDTQY,TRLALIAPK,1
47,5NHT,3.2,AVGGGADGLT,ASSQGLAGAGELF,ELAGIGILTV,1
48,5BRZ,2.62,AVRPGGAGPFFVV,ASSFNMATGQY,EVDPIGHLY,1
49,4QOK,3.0,AVNVAGKST,AWSETGLGTGELF,EAAGIGILTV,1
50,6AVG,2.6,LVVDQKLV,ASSGGHTGSNEQF,APRGPHGGAASGL,1
51,4JFF,2.43,AVNDGGRLT,AWSETGLGMGGWQ,ELAGIGILTV,1
52,5D2L,3.511,AFITGNQFY,ASSQTQLWETQY,NLVPMVATV,1
53,4OZH,2.8,IVWGGATNKLI,ASSVRSTDTQY,APQPELPYPQPGS,1
54,4P2Q,3.3,AAEASNTNKVV,ASSLNNANSDYT,ADGLAYFRSSFKGG,1
55,3VXU,2.7,GTYNQGGKLI,ASSGASHEQY,RFPLTFGWCF,1
56,6UON,3.5,AAAMDSSYKLI,ASSDPGTEAF,GADGVGKSAL,1
57,8GOM,2.783,ASSGNTPLV,ASTWGRASTDTQY,RLQSLQTYV,1
58,5YXU,2.7,AYGEDDKII,ASRRGSAELY,KLVALGINAV,1
59,1U3H,2.42,AASANSGTYQR,ASGDAGGGYEQY,SRGGASQYRPSQ,1
60,5HHM,2.5,AGAGSQGNLI,ASSSRSSYEQY,GILGLVFTL,1
61,4Y1A,4.0,AASSSAGGTSYGKLT,ASRPRDPVTQY,LQPLALEGSLQKRG,1
62,1MWA,2.4,AVSGFASALT,ASGGGGTLY,EQYKFYSV,1
63,4JRY,2.8,AVGGGSNYQLI,ASSRTGSTYEQY,LPEPLPQGQLTAY,1
64,5C08,2.332,AMRGDSSYKLI,ASSLWEKLAKNIQY,RQWGPDPAAV,1
65,4MNQ,2.742,AVDSATALPYGYI,ASSYQGTEAF,ILAKFLHWL,1
66,5W1W,3.1,AGQPLGGSNYKLT,ASSANPGDSSNEKLF,VMAPRTLVL,1
67,7OW5,2.58,AMSVPSGDGSYQFT,ASKVGPGQHNSPLH,VVVGAGGVGK,1
68,7RTR,2.6,AVNRDDKII,ASSPDIEQY,YLQPRTFLL,1
69,5JHD,2.46,AWGVNAGGTSYGKLT,ASSIGVYGYT,GILGFVFTL,1
70,1QSE,2.8,AVTTDSWGKLQ,ASRPGLAGGRPEQY,LLFGYPRYV,1
71,6V1A,2.29,ALSDSSSFSKLV,ASSLDWASQNTLY,GGYRAPAKAAAT,1
72,8VD2,2.9,IVRVAIEGSQGNLI,ASSLRRGDTIY,GQVELGGGTPIESC,1
73,6G9Q,1.89,AALYGNEKIT,ASSDAGGRNTLY,KAPYDYAPI,1
74,2J8U,2.88,ALFLASSSFSKLV,ASSDWVSYEQY,ALWGFFPVL,1
75,8SHI,2.90002,ATDALYSGGGADGLT,ASSYSEGEDEAF,VRSRRLRL,1
76,1G6R,2.8,AVSGFASALT,ASGGGGTLY,SIYRYYGL,1
77,2NX5,2.7,AVQASGGSYIPT,ATGTGDSNQPQH,EPLPQGQLTAY,1
78,6Q3S,2.5,AVRPTSGGSYIPT,ASSYVGNTGELF,SLLMWITQV,1
79,7PBE,3.0,VVNINTDKLI,ASSSANSGELF,YLQPRTFLL,1
80,5KSB,2.9,AVQASGGSYIPT,ASSNRGLGTDTQY,GPQQSFPEQEA,1
81,5WKH,3.2,GLGDAGNMLT,ASSLGQGLLYGYT,GTSGSPIINR,1
82,6CQL,2.4,AFKAAGNKLT,ASSRLAGGMDEQF,RFYKTLRAEQASQ,1
83,6U3N,2.8,AVGAGSNYQLI,ASSLEGQGASEQF,APMPMPELPYP,1
84,1QRN,2.8,AVTTDSWGKLQ,ASRPGLAGGRPEQY,LLFGYAVYV,1
85,4Y19,2.5,AASVYAGGTSYGKLT,ASRPRRDNEQF,QPLALEGSLQKRG,1
86,6V18,2.35,ALSDSGSFNKLT,ASSLDWGGQNTLY,GGYRAPAKAAAT,1
87,5SWZ,2.65,AASETSGSWQLI,ASSRDLGRDTQY,ASNENMETM,1
88,3TFK,2.753,AVSAKGTGSKLS,ASSDAPGQLY,QLSDVPMDL,1
89,6V15,2.8,ALSPSNTNKVV,ASSLDWGVNTLY,GGYAPAKAAAT,1
90,4JFE,2.7,AVNDGGRLT,AWSETGLGMGGWQ,ELAGIGALTV,1
91,8ES9,3.25,AVQPLNAGNNRKLI,SAREWGGTEAF,GVYDGREHTV,1
92,8CX4,2.2,AVNSPGSGAGSYQLT,ASSVGTYSTDTQY,LRVMMLAPF,1
93,1MI5,2.5,ILPLAGGTSYGKLT,ASSLGQAYEQY,FLRGRAYGL,1
94,3GSN,2.8,ARNTGNQFY,ASSPVTGGIYGYT,NLVPMVATV,1
95,6V19,2.6,ALSDSSSFSKLV,ASSLDWASQNTLY,GGYAPAKAAAT,1
96,3O4L,2.54,AEDNNARLM,SARDGTGNGYT,GLCTLVAML,1
97,3KXF,3.1,ALSGFYNTDKLI,ASPGLAGEYEQY,LPEPLPQGQLTAY,1
98,5D2N,2.099,ILDNNNDMR,ASSLAPGTTNEKLF,NLVPMVATV,1
99,5KS9,2.55,AVALNNNAGNMLT,ASSVAPGSDTQY,APSGEGSFQPSQENPQ,1
100,4JRX,2.3,ALSGFYNTDKLI,ASPGETEAF,LPEPLPQGQLTAY,1
101,1J8H,2.4,AVSESPFGNEKLT,ASSSTGLPYGYT,PKYVKQNTLKLAT,1
102,6CQN,2.5,AFKAAGNKLT,ASSGLAGGMDEQF,RFYKTLRAEQASQ,1
103,7T2C,3.1,LVGDTGFQKLV,SARDPGGGGSSYEQY,TGLAWEWWRTVY,1
104,6UZ1,3.14,AVTTDRSGKLQ,ASRPGAAGGRPELY,LLFGYPVYV,1
105,6CQR,3.04,AFKAAGNKLT,ASSRLAGGMDEQF,RFYKTLRAEQASQ,1
106,4Z7W,2.89,AVGETGANNLF,ASSEARRYNEQF,PSGEGSFQPSQENPQ,1
107,6RPB,2.5,AVKSGGSYIPT,ASSYLNRDSALD,SLLMWITQV,1
108,5EU6,2.02,AVLSSGGSNYKLT,ASSFIGGTDTQY,YLEPGPVTV,1
109,1QSF,2.8,AVTTDSWGKLQ,ASRPGLAGGRPEQY,LLFGYPVAV,1
110,8DNT,3.18,AVREGAQKLV,ASSLDLGADEQF,LLLDRLNQL,1
111,1AO7,2.6,AVTTDSWGKLQ,ASRPGLAGGRPEQY,LLFGYPVYV,1
112,8YE4,3.2,VVNAHSGAGSYQLT,ASSETGGYEQY,NYNYLYRLF,1
113,6AM5,2.394,AVNFGGGKLI,ASSLSFGTEAF,SMLGIGIVPV,1
114,1FO0,2.5,AMRGDYGGSGNKLI,TCSADRVGNTLY,INFDFNTI,1
115,6RP9,3.12,ALTRGPGNQFY,ASSSPGGVSTEAF,SLLMWITQV,1
116,2PYE,2.3,AVRPLLDGTYIPT,ASSYLGNTGELF,SLLMWITQC,1
117,6BGA,2.307,AALRATGGNNKLT,ASSLNWSQDTQY,YVVVPD,1
118,4N0C,2.9,AVSAKGTGSKLS,ASSDAPGQLY,MPAGRPWDL,1
119,6DKP,2.966,AVNFGGGKLI,ASSWSFGTEAF,ELAGIGILTV,1
120,3KPR,2.6,ILPLAGGTSYGKLT,ASSLGQAYEQY,EEYLKAWTF,1
121,3KPS,2.7,ILPLAGGTSYGKLT,ASSLGQAYEQY,EEYLQAFTY,1
122,7DZN,2.63,IVRGLNNAGNMLT,ASSLGIDAIY,TPQDLNTML,1
123,5TEZ,1.7,AASFIIQGAQKLV,ASSLLGGWSEAF,GILGFVFTL,1
124,6ZKX,2.17,AVTNQAGTALI,ASSYSIRGSRGEQF,RLPAKAPLLGCG,1
125,2AK4,2.5,ALSGFYNTDKLI,ASPGLAGEYEQY,LPEPLPQGQLTAY,1
126,6ZKZ,2.3,AVTNQAGTALI,ASSYSIRGSRGEQF,RLPAKAPL,1
127,7SG1,3.1,LVGGLARDMR,SVALGSDTGELF,QPFPQPELPYGSGGS,1
128,2IAM,2.8,AALIQGAQKLV,ASTYHGTGY,GELIGILNAAKVPAD,1
129,8VCY,2.6,IVSHNAGNMLT,ASSLERETQY,GQVELGGGSSPETCI,1
130,2ESV,2.6,IVVRSSNTGKLI,ASSQDRDTQY,VMAPRTLIL,1
131,5BS0,2.4,AVRPGGAGPFFVV,ASSFNMATGQY,ESDPIVAQY,1
132,6VMX,3.1,AFGSSNTGKLI,ASSQDLFTGGYT,RPPIFIRRL,1
133,6R2L,2.3,AVGGNDWNTDKLI,ASSPLDVSISSYNEQF,SLSKILDTV,1
134,2JCC,2.5,ALFLASSSFSKLV,ASSDWVSYEQY,ALWGFFPVL,1
135,5IVX,2.1,AASASFGDNSKLI,ASSLGHTEVF,RGPGRAFVTI,1
136,8EN8,2.70001,AADGGAGSYQLT,SAGPTSGRTDTQY,LPFDKSTIM,1
